deg,width,T,func,sigma,trace_before,trace_after,trace_delta,top_eig_before,top_eig_after
1,1,20,0,0.0001,279.5367105528712,339.9538416253484,60.41713107247716,264.4375,271.57513427734375
1,1,20,0,1e-06,279.5367118701339,319.3929987601612,39.85628689002732,264.4375,264.51812744140625
1,1,20,0,1e-08,279.53671015948055,279.5703859038651,0.033675744384538575,264.4375,264.5047607421875
1,1,20,1,0.0001,344.73244348099064,342.28191211006856,-2.4505313709220786,261.1551513671875,257.2850036621094
1,1,20,1,1e-06,344.73243996015816,344.3771332932073,-0.35530666695086666,261.1551513671875,260.8177795410156
1,1,20,1,1e-08,344.7324397688688,344.7521884219591,0.01974865309028928,261.1551513671875,261.1205139160156
1,1,20,2,0.0001,310.66051396301816,308.95623972694926,-1.7042742360688976,264.3927001953125,257.1650695800781
1,1,20,2,1e-06,310.6605136990547,332.97884967082587,22.31833597177115,264.3927001953125,264.45684814453125
1,1,20,2,1e-08,310.6605128986495,310.83662325143814,0.17611035278866893,264.3926696777344,264.6090393066406
1,1,20,3,0.0001,313.30958870001007,375.35527204415376,62.0456833441437,279.51409912109375,283.244140625
1,1,20,3,1e-06,313.3095870394456,313.76261555521114,0.4530285157655385,279.51409912109375,279.510009765625
1,1,20,3,1e-08,313.309586667178,313.43206623980876,0.12247957263076614,279.51409912109375,279.66766357421875
1,1,20,4,0.0001,270.77718859209733,275.283405204614,4.506216612516653,267.5738525390625,274.0755310058594
1,1,20,4,1e-06,270.7771869932904,245.66116194291547,-25.11602505037493,267.5738220214844,267.37249755859375
1,1,20,4,1e-08,270.7771868109703,270.8573053444133,0.0801185334429988,267.5738525390625,267.6395263671875
1,1,40,0,0.0001,387.92208347129235,358.0078726410866,-29.914210830205775,288.4693603515625,289.63018798828125
1,1,40,0,1e-06,387.9220832063828,388.09917830537864,0.1770950989958351,288.4693603515625,288.3125
1,1,40,0,1e-08,387.9220830650977,387.8034813602765,-0.11860170482117383,288.4693603515625,288.3582763671875
1,1,40,1,0.0001,295.1471253006082,224.13766368742913,-71.00946161317907,268.7698059082031,276.80963134765625
1,1,40,1,1e-06,295.1471250998346,294.3676150786249,-0.7795100212097168,268.7698669433594,268.686279296875
1,1,40,1,1e-08,295.14712594057386,295.0334987075705,-0.1136272330033421,268.7698669433594,268.7016906738281
1,1,40,2,0.0001,354.59663818920814,333.2252197115167,-21.371418477691464,279.87353515625,276.2122802734375
1,1,40,2,1e-06,354.59663926337356,353.6033422389338,-0.9932970244397552,279.87353515625,279.1443176269531
1,1,40,2,1e-08,354.59663635364143,354.558229211838,-0.0384071418034182,279.87353515625,279.7904968261719
1,1,40,3,0.0001,266.84513777787566,264.0983350276947,-2.7468027501809615,257.71417236328125,246.23208618164062
1,1,40,3,1e-06,266.8451384110529,266.3341241781829,-0.5110142328700249,257.71417236328125,256.94879150390625
1,1,40,3,1e-08,266.8451381609088,266.77018493560496,-0.07495322530382964,257.71417236328125,257.5906066894531
1,1,40,4,0.0001,300.3954558107588,326.4041885962853,26.00873278552649,270.65484619140625,260.306640625
1,1,40,4,1e-06,300.395455704795,300.94369316101074,0.5482374562157588,270.65484619140625,269.9739685058594
1,1,40,4,1e-08,300.3954580359989,300.4522765477498,0.05681851175091879,270.65484619140625,270.71331787109375
1,7,20,0,0.0001,1095.482982758553,807.324824890533,-288.1581578680199,716.50341796875,612.6622924804688
1,7,20,0,1e-06,1095.4829615931358,916.0921054766017,-179.3908561165341,716.50341796875,720.7108764648438
1,7,20,0,1e-08,1095.4829549481792,1094.4389766570062,-1.0439782911730617,716.5034790039062,715.732421875
1,7,20,1,0.0001,1221.9743516710068,1329.8465955461775,107.87224387517062,1086.645751953125,1044.9771728515625
1,7,20,1,1e-06,1221.97435675727,1225.2687923290111,3.2944355717411327,1086.645751953125,1099.251220703125
1,7,20,1,1e-08,1221.9743590178314,1223.0120846783673,1.037725660535898,1086.645751953125,1086.177490234375
1,7,20,2,0.0001,1243.4295959472656,1433.9622218919837,190.53262594471812,1036.7962646484375,1041.4984130859375
1,7,20,2,1e-06,1243.4296244303384,1647.1155671512379,403.68594272089945,1036.7962646484375,1043.9195556640625
1,7,20,2,1e-08,1243.4296061197917,1245.9549769083658,2.525370788574037,1036.79638671875,1038.7042236328125
1,7,20,3,0.0001,1643.987623002794,2082.903206902581,438.9155838997872,1031.119384765625,1402.9464111328125
1,7,20,3,1e-06,1643.9876255459255,1657.3359391495987,13.348313603673205,1031.119384765625,1042.1363525390625
1,7,20,3,1e-08,1643.987617280748,1675.6843634711372,31.69674619038915,1031.119384765625,1030.734619140625
1,7,20,4,0.0001,874.373896198888,996.5290994951802,122.15520329629214,821.6822509765625,971.9241333007812
1,7,20,4,1e-06,874.3738913997527,955.0165841844347,80.64269278468203,821.6822509765625,805.280029296875
1,7,20,4,1e-08,874.373896198888,873.9141977371708,-0.4596984617172666,821.6822509765625,820.9435424804688
1,7,40,0,0.0001,1821.4843499319893,1971.9012366400825,150.41688670809322,1241.054443359375,1259.431884765625
1,7,40,0,1e-06,1821.4843339465913,1898.5791918436687,77.09485789707742,1241.054443359375,1250.386962890625
1,7,40,0,1e-08,1821.4843179611933,1819.2710447765533,-2.213273184640002,1241.054443359375,1238.5174560546875
1,7,40,1,0.0001,1224.3913641709548,1383.9122673882378,159.52090321728292,908.0845947265625,998.7583618164062
1,7,40,1,1e-06,1224.3913470537234,1234.9378154407848,10.546468387061395,908.0845947265625,911.8855590820312
1,7,40,1,1e-08,1224.3913547809307,1223.935639308049,-0.4557154728815931,908.0845947265625,907.9873046875
1,7,40,2,0.0001,1745.5303121294294,2261.777424973708,516.2471128442787,1402.963623046875,1843.7054443359375
1,7,40,2,1e-06,1745.5303275698707,1750.390719822475,4.8603922526042425,1402.9637451171875,1387.2833251953125
1,7,40,2,1e-08,1745.5303144909087,1746.352936880929,0.8226223900203422,1402.9637451171875,1404.5811767578125
1,7,40,3,0.0001,1360.9466617468631,1641.6993976169163,280.75273587005313,1286.78173828125,1467.4622802734375
1,7,40,3,1e-06,1360.946655735825,1344.3928265778916,-16.553829157933478,1286.7818603515625,1267.7469482421875
1,7,40,3,1e-08,1360.9466677579012,1358.3402277628581,-2.606439995043047,1286.7818603515625,1283.72119140625
1,7,40,4,0.0001,1726.8202910131338,1571.4144585188044,-155.4058324943294,1182.830810546875,1071.9232177734375
1,7,40,4,1e-06,1726.820312188596,1730.5332722566566,3.712960068060511,1182.830810546875,1198.2615966796875
1,7,40,4,1e-08,1726.8203022236726,1382.739981515067,-344.08032070860554,1182.830810546875,1179.693603515625
1,14,20,0,0.0001,2170.6631329147904,1795.1833351982964,-375.479797716494,1777.4505615234375,1494.010498046875
1,14,20,0,1e-06,2170.663135599207,2184.3075813010887,13.644445701881523,1777.4505615234375,1795.0174560546875
1,14,20,0,1e-08,2170.6631330560754,2175.1421756037957,4.479042547720383,1777.4505615234375,1781.6446533203125
1,14,20,1,0.0001,2742.0389131818497,3186.2472170661476,444.20830388429795,2576.473388671875,2071.85205078125
1,14,20,1,1e-06,2742.0389469691686,3323.7952247475678,581.7562777783992,2576.473388671875,2612.17919921875
1,14,20,1,1e-08,2742.0389709472656,2743.2550419398717,1.2160709926060917,2576.473388671875,2574.582763671875
1,14,20,2,0.0001,2926.521236673991,2594.375613530477,-332.14562314351406,1936.4171142578125,2033.232177734375
1,14,20,2,1e-06,2926.5212305704754,2917.4102503458657,-9.110980224609648,1936.4171142578125,1918.396484375
1,14,20,2,1e-08,2926.5212346394856,2927.2514719645183,0.7302373250327037,1936.4171142578125,1937.8858642578125
1,14,20,3,0.0001,3250.436474609375,3281.733105795724,31.296631186348804,2340.936767578125,2358.951171875
1,14,20,3,1e-06,3250.436458333333,3290.3020467122396,39.86558837890652,2340.936767578125,2380.21484375
1,14,20,3,1e-08,3250.4364786783854,3250.6616556803388,0.22517700195339785,2340.936767578125,2341.3779296875
1,14,20,4,0.0001,2882.6725485665456,2507.6225501850085,-375.0499983815371,2235.2109375,2030.187255859375
1,14,20,4,1e-06,2882.6725245884486,2897.024941580636,14.3524169921875,2235.2109375,2251.104248046875
1,14,20,4,1e-08,2882.672535487584,2883.2146006992884,0.5420652117045393,2235.2109375,2237.6865234375
1,14,40,0,0.0001,2498.053277151925,2740.0158384274214,241.96256127549623,2511.505126953125,2783.69140625
1,14,40,0,1e-06,2498.053255353655,2714.048512178309,215.995256824654,2511.505126953125,2415.508056640625
1,14,40,0,1e-08,2498.053255353655,2803.9250410491345,305.8717856954795,2511.505126953125,2527.69384765625
1,14,40,1,0.0001,2690.161208767361,3166.211292690701,476.05008392334,2183.782470703125,3054.348876953125
1,14,40,1,1e-06,2690.1612399631076,2706.0328783307755,15.871638367667856,2183.782470703125,2185.600341796875
1,14,40,1,1e-08,2690.1612250434027,2689.338097466363,-0.8231275770399407,2183.782470703125,2183.736572265625
1,14,40,2,0.0001,3088.835707279674,3487.459245879075,398.62353859940094,3349.810546875,3627.176513671875
1,14,40,2,1e-06,3088.8357024611087,3053.6108435915226,-35.224858869586114,3349.810546875,3311.173828125
1,14,40,2,1e-08,3088.8357217353687,3094.9836125959428,6.14789086057408,3349.810546875,3352.83251953125
1,14,40,3,0.0001,3478.8422668457033,4195.056531159774,716.2142643140705,2868.434814453125,3653.50146484375
1,14,40,3,1e-06,3478.842229003906,3515.4556494140625,36.61342041015632,2868.434814453125,2922.169921875
1,14,40,3,1e-08,3478.8422326660157,3474.1278527832033,-4.714379882812409,2868.434814453125,2864.50537109375
1,14,40,4,0.0001,3057.711478738224,3161.333359329789,103.62188059156506,2666.336669921875,2374.866943359375
1,14,40,4,1e-06,3057.7114913042856,2108.5606122698105,-949.1508790344751,2666.336669921875,2555.84228515625
1,14,40,4,1e-08,3057.7114805333754,3057.425839592429,-0.28564094094645043,2666.336669921875,2666.681884765625
1,20,20,0,0.0001,3958.588027388961,2116.400461930495,-1842.187565458466,2608.621337890625,1523.8515625
1,20,20,0,1e-06,3958.58805903682,3964.281087941137,5.693028904316634,2608.621337890625,2595.406005859375
1,20,20,0,1e-08,3958.588044343171,3964.386872468171,5.798828125,2608.621337890625,2610.609619140625
1,20,20,1,0.0001,4911.706112896954,3540.754821661747,-1370.9512912352075,3691.514404296875,3464.195068359375
1,20,20,1,1e-06,4911.7061219392,4791.551730685764,-120.15439125343619,3691.51416015625,3568.278564453125
1,20,20,1,1e-08,4911.706102724428,4904.070470739294,-7.635631985133841,3691.51416015625,3687.31396484375
1,20,20,2,0.0001,4382.580448545259,3719.7940881117333,-662.7863604335257,3218.43359375,3103.713623046875
1,20,20,2,1e-06,4382.580434864965,4062.7819895189864,-319.79844534597896,3218.43359375,3236.495361328125
1,20,20,2,1e-08,4382.5804653825435,4375.065515978583,-7.5149494039606,3218.43359375,3212.341552734375
1,20,20,3,0.0001,4157.381534048227,4375.548936533373,218.16740248514634,4020.003173828125,3319.666015625
1,20,20,3,1e-06,4157.381537804236,5007.995618547712,850.6140807434758,4020.003173828125,4152.41552734375
1,20,20,3,1e-08,4157.381528414213,4159.389306171124,2.0077777569113096,4020.003173828125,4019.89990234375
1,20,20,4,0.0001,4580.691076890477,3446.970514933268,-1133.7205619572092,3828.084228515625,3169.437255859375
1,20,20,4,1e-06,4580.691099922612,4530.832573656766,-49.858526265846194,3828.08349609375,3770.8427734375
1,20,20,4,1e-08,4580.691082648511,4573.870400482753,-6.820682165757717,3828.08349609375,3823.1376953125
1,20,40,0,0.0001,6089.616970923639,6572.39435450236,482.7773835787211,5539.0576171875,5557.740234375
1,20,40,0,1e-06,6089.616973876953,6267.430780319941,177.8138064429877,5539.05810546875,5334.12255859375
1,20,40,0,1e-08,6089.616967970325,6072.299461118637,-17.31750685168845,5539.05810546875,5516.4033203125
1,20,40,1,0.0001,5366.989174736871,3907.821849822998,-1459.167324913873,4791.9765625,3324.51318359375
1,20,40,1,1e-06,5366.989218817816,5545.701109865879,178.71189104806217,4791.9765625,4994.92919921875
1,20,40,1,1e-08,5366.989168802897,5372.117824978299,5.128656175401375,4791.9765625,4798.5751953125
1,20,40,2,0.0001,3627.53295359892,2621.676085893498,-1005.8568677054218,4080.188232421875,2515.0146484375
1,20,40,2,1e-06,3627.532928466797,3677.0277925379137,49.49486407111681,4080.188232421875,4153.90625
1,20,40,2,1e-08,3627.532967960133,3629.5252775304457,1.9923095703125,4080.188232421875,4082.8837890625
1,20,40,3,0.0001,6180.584871794048,5743.556911315918,-437.0279604781299,5484.57958984375,5112.17138671875
1,20,40,3,1e-06,6180.584900705438,6113.96470481471,-66.6201958907277,5484.57958984375,5388.2685546875
1,20,40,3,1e-08,6180.584873400237,6141.425429494758,-39.15944390547884,5484.57958984375,5441.3017578125
1,20,40,4,0.0001,4813.801511702999,5471.779379549894,657.9778678468947,3368.350830078125,5222.97607421875
1,20,40,4,1e-06,4813.801507765247,4691.5866950539985,-122.21481271124867,3368.350830078125,3354.2451171875
1,20,40,4,1e-08,4813.801493983115,4806.838764805948,-6.962729177166693,3368.350830078125,3363.323974609375
2,1,20,0,0.0001,1628.472291986993,1499.6085205078125,-128.8637714791805,1234.756103515625,1316.5797119140625
2,1,20,0,1e-06,1628.4722892274249,1637.1870456452066,8.7147564177817,1234.756103515625,1239.79931640625
2,1,20,0,1e-08,1628.4722893897524,1629.52002813461,1.0477387448574973,1234.756103515625,1235.310791015625
2,1,20,1,0.0001,1570.9483870188394,1825.6771376236625,254.72875060482306,1244.5101318359375,1291.58544921875
2,1,20,1,1e-06,1570.9483931223551,1568.653751373291,-2.2946417490641124,1244.5101318359375,1243.2093505859375
2,1,20,1,1e-08,1570.9483890533447,1572.3298515319825,1.3814624786377863,1244.5101318359375,1245.789306640625
2,1,20,2,0.0001,1637.9496801625128,1666.136570416964,28.186890254451328,1198.8111572265625,1196.1815185546875
2,1,20,2,1e-06,1637.949681489364,1634.4542982129083,-3.495383276455641,1198.8111572265625,1196.3023681640625
2,1,20,2,1e-08,1637.9496806047964,1637.7377764936807,-0.2119041111157003,1198.8111572265625,1198.6060791015625
2,1,20,3,0.0001,2386.8178540743315,1758.2122380183293,-628.6056160560022,1262.5361328125,1271.9249267578125
2,1,20,3,1e-06,2386.8178540743315,2377.440054673415,-9.377799400916501,1262.5361328125,1258.5438232421875
2,1,20,3,1e-08,2386.8178540743315,2385.7724814781777,-1.0453725961538112,1262.5361328125,1262.20751953125
2,1,20,4,0.0001,1598.40764805056,1849.0475047343486,250.6398566837886,1262.2353515625,1261.401611328125
2,1,20,4,1e-06,1598.4076492021668,1606.2601768925506,7.852527690383795,1262.2353515625,1264.13720703125
2,1,20,4,1e-08,1598.4076492021668,1596.7664358750828,-1.6412133270839604,1262.2353515625,1261.21484375
2,1,40,0,0.0001,1352.3700913649338,1307.7876659192536,-44.5824254456802,1242.30224609375,1220.6927490234375
2,1,40,0,1e-06,1352.370089017428,1353.6784779475286,1.308388930100591,1242.30224609375,1241.5631103515625
2,1,40,0,1e-08,1352.370089017428,1774.1536393599076,421.78355034247966,1242.30224609375,1242.509033203125
2,1,40,1,0.0001,1357.2658478873116,1449.3970112684297,92.13116338111809,1313.764892578125,1307.5484619140625
2,1,40,1,1e-06,1357.2658497946602,1354.9796391895838,-2.2862106050763487,1313.764892578125,1316.519287109375
2,1,40,1,1e-08,1357.2658476148333,1357.6723121915545,0.4064645767211914,1313.764892578125,1314.213623046875
2,1,40,2,0.0001,1532.2394059254573,1960.5784996880425,428.3390937625852,1316.9068603515625,1304.0640869140625
2,1,40,2,1e-06,1532.239404336,1810.9510803222656,278.7116759862656,1316.9068603515625,1314.7342529296875
2,1,40,2,1e-08,1532.2394043604534,1531.5051367833064,-0.7342675771469658,1316.9068603515625,1316.586181640625
2,1,40,3,0.0001,1382.397284074263,1589.86886291301,207.47157883874684,1277.7969970703125,1278.3931884765625
2,1,40,3,1e-06,1382.397284074263,1391.1415602944114,8.744276220148322,1277.7969970703125,1281.60888671875
2,1,40,3,1e-08,1382.397284074263,1382.6146406693892,0.21735659512614802,1277.7969970703125,1278.1224365234375
2,1,40,4,0.0001,1538.5038510958354,1417.2355408207063,-121.26831027512912,1293.9525146484375,1317.6766357421875
2,1,40,4,1e-06,1538.5038511753082,1386.846092224121,-151.65775895118713,1293.9525146484375,1297.45361328125
2,1,40,4,1e-08,1538.5038524071376,1538.7882056633632,0.28435325622558594,1293.9525146484375,1294.4698486328125
2,7,20,0,0.0001,3245.841497162242,3634.084531181737,388.2430340194951,3463.72705078125,3809.440673828125
2,7,20,0,1e-06,3245.8415028136455,3257.743758024993,11.902255211347438,3463.72705078125,3485.217529296875
2,7,20,0,1e-08,3245.841496973862,3245.7256708969303,-0.11582607693162572,3463.72705078125,3463.6337890625
2,7,20,1,0.0001,3816.274108123779,3562.218406830711,-254.05570129306807,3148.7490234375,3139.420166015625
2,7,20,1,1e-06,3816.2741050720215,4512.728885816491,696.4547807444696,3148.7490234375,3171.40478515625
2,7,20,1,1e-08,3816.2741050720215,3816.8069450378416,0.5328399658201306,3148.7490234375,3149.636962890625
2,7,20,2,0.0001,6011.140851157053,5991.167064442354,-19.97378671469869,3660.505859375,3957.4248046875
2,7,20,2,1e-06,6011.1408696855815,5897.309435163225,-113.83143452235618,3660.505859375,3595.548828125
2,7,20,2,1e-08,6011.140858786447,6012.467183794294,1.3263250078471174,3660.505859375,3660.47216796875
2,7,20,3,0.0001,6806.6182168496625,6998.918592180525,192.30037533086215,4251.74755859375,3731.0888671875
2,7,20,3,1e-06,6806.6182234480575,6848.09665164432,41.47842819626294,4251.74755859375,4270.837890625
2,7,20,3,1e-08,6806.618220973659,6807.75096171611,1.1327407424514604,4251.74755859375,4252.26904296875
2,7,20,4,0.0001,6381.936018136831,4891.5667319046825,-1490.3692862321486,4490.52685546875,4861.99267578125
2,7,20,4,1e-06,6381.9360275268555,6418.427308889536,36.49128136268064,4490.52685546875,4525.654296875
2,7,20,4,1e-08,6381.936022244967,6382.070507929875,0.13448568490821344,4490.52685546875,4493.82421875
2,7,40,0,0.0001,6253.018969022311,5656.73640625,-596.2825627723105,3857.459716796875,3504.28076171875
2,7,40,0,1e-06,6253.018967848558,6275.104426457332,22.08545860877439,3857.459716796875,3873.0537109375
2,7,40,0,1e-08,6253.018969022311,6256.105761014498,3.0867919921875,3857.459716796875,3858.167236328125
2,7,40,1,0.0001,4665.632099317468,6232.896693638393,1567.2645943209254,3508.839111328125,3719.619873046875
2,7,40,1,1e-06,4665.632101307745,4675.672964344854,10.040863037109375,3508.839111328125,3502.13623046875
2,7,40,1,1e-08,4665.63211855681,4669.8582597815475,4.226141224737148,3508.839111328125,3510.200927734375
2,7,40,2,0.0001,5522.218606638354,8666.24526977539,3144.026663137037,4503.650390625,4914.490234375
2,7,40,2,1e-06,5522.218609477199,5561.081981570222,38.86337209302292,4503.650390625,4512.47705078125
2,7,40,2,1e-08,5522.218610896621,5525.608642578125,3.390031681504297,4503.650390625,4504.30029296875
2,7,40,3,0.0001,5600.241076660156,4665.1047635407285,-935.1363131194275,4244.6826171875,4604.54248046875
2,7,40,3,1e-06,5600.241103515625,4708.85576682867,-891.3853366869544,4244.6826171875,4253.58349609375
2,7,40,3,1e-08,5600.24109375,5597.212919921875,-3.028173828124636,4244.6826171875,4244.0703125
2,7,40,4,0.0001,4717.017553441665,7940.150299072266,3223.1327456306008,4879.16162109375,5099.31494140625
2,7,40,4,1e-06,4717.017562417423,5760.531370309683,1043.51380789226,4879.16162109375,4935.306640625
2,7,40,4,1e-08,4717.017573188333,4714.587146085852,-2.4304271024811896,4879.16162109375,4875.28125
2,14,20,0,0.0001,6956.585347780039,9331.14179774693,2374.556449966891,6844.2138671875,7372.31982421875
2,14,20,0,1e-06,6956.5853439116145,6998.772677999147,42.18733408753269,6844.2138671875,6878.5830078125
2,14,20,0,1e-08,6956.585337894064,6962.064465589926,5.479127695862189,6844.2138671875,6850.01171875
2,14,20,1,0.0001,8767.806008828653,8046.370745904105,-721.4352629245477,6959.6083984375,7601.36376953125
2,14,20,1,1e-06,8767.805939545502,8800.618936074747,32.81299652924463,6959.6083984375,6986.83349609375
2,14,20,1,1e-08,8767.806005529455,6626.999563363882,-2140.8064421655736,6959.6083984375,6957.53662109375
2,14,20,2,0.0001,10360.260287116556,8036.523711453951,-2323.736575662605,7170.5380859375,6911.25146484375
2,14,20,2,1e-06,10360.260343663833,7398.981563610977,-2961.278780052856,7170.5380859375,7093.6806640625
2,14,20,2,1e-08,10360.260345458984,10363.781278722427,3.5209332634422026,7170.5380859375,7173.9287109375
2,14,20,3,0.0001,9291.902569110576,8816.008298038098,-475.89427107247866,7128.189453125,7881.32080078125
2,14,20,3,1e-06,9291.90253155048,7323.792545713228,-1968.1099858372527,7128.1904296875,7076.14990234375
2,14,20,3,1e-08,9291.902512770434,7390.324045466281,-1901.5784673041526,7128.1904296875,7129.6689453125
2,14,20,4,0.0001,7287.408153827374,9758.288007321566,2470.8798534941916,6369.3203125,7449.61669921875
2,14,20,4,1e-06,7287.408140211839,7258.901061307467,-28.507078904372065,6369.3203125,6328.6201171875
2,14,20,4,1e-08,7287.408147254357,7296.180985905574,8.772838651217171,6369.3203125,6376.314453125
2,14,40,0,0.0001,9482.060729980469,7447.854875263415,-2034.2058547170536,7460.7783203125,7381.57177734375
2,14,40,0,1e-06,9482.06071472168,7201.987435800058,-2280.0732789216217,7460.7783203125,7408.6787109375
2,14,40,0,1e-08,9482.06071472168,9471.849894205729,-10.210820515951127,7460.7783203125,7452.78173828125
2,14,40,1,0.0001,8431.44274030413,9271.668191092354,840.2254507882244,7963.42431640625,8961.50390625
2,14,40,1,1e-06,8431.442690894717,8584.735284714472,153.29259381975498,7963.42431640625,7977.31201171875
2,14,40,1,1e-08,8431.442757742745,8423.518778483072,-7.923979259672706,7963.42431640625,7958.65087890625
2,14,40,2,0.0001,5880.756317138672,7639.088681734525,1758.3323645958535,6305.33740234375,5646.87939453125
2,14,40,2,1e-06,5880.756286128874,5856.431652438256,-24.32463369061861,6305.33740234375,6316.5087890625
2,14,40,2,1e-08,5880.756297942131,5874.069192701771,-6.687105240360324,6305.33740234375,6301.6005859375
2,14,40,3,0.0001,7685.543077587026,7825.158204407819,139.61512682079228,7248.4814453125,7576.60400390625
2,14,40,3,1e-06,7685.543066784344,7731.542519628474,45.999452844130246,7248.4814453125,7302.392578125
2,14,40,3,1e-08,7685.5430662442095,7681.05710406008,-4.485962184129676,7248.4814453125,7240.62109375
2,14,40,4,0.0001,7145.971541748047,7207.599786636677,61.628244888630434,6884.86279296875,7729.5712890625
2,14,40,4,1e-06,7145.971529541016,7041.493485107422,-104.47804443359382,6884.86279296875,6780.74072265625
2,14,40,4,1e-08,7145.971514892578,7138.305115966797,-7.666398925781323,6884.86279296875,6875.64453125
2,20,20,0,0.0001,11017.01973508439,11563.190406799316,546.1706717149264,9470.3505859375,10006.2373046875
2,20,20,0,1e-06,11017.019766177771,11090.447213802698,73.42744762492657,9470.3505859375,9524.0537109375
2,20,20,0,1e-08,11017.019758116525,11029.773750737028,12.753992620502686,9470.3505859375,9477.947265625
2,20,20,1,0.0001,10760.900816345214,12367.14319643767,1606.2423800924553,11227.1005859375,10169.193359375
2,20,20,1,1e-06,10760.900813293458,10708.971941375732,-51.9288719177257,11227.1005859375,11216.6533203125
2,20,20,1,1e-08,10760.90079650879,10758.958311462402,-1.9424850463874463,11227.1005859375,11225.4453125
2,20,20,2,0.0001,10267.170839483088,10596.591845078901,329.42100559581377,10629.67578125,11137.9287109375
2,20,20,2,1e-06,10267.170846418901,10293.855751037598,26.684904618696237,10629.67578125,10637.951171875
2,20,20,2,1e-08,10267.17085682262,10275.257793773304,8.086936950683594,10629.67578125,10642.65625
2,20,20,3,0.0001,8847.779859161377,12800.853110818302,3953.073251656924,8729.140625,9712.541015625
2,20,20,3,1e-06,8847.77989730835,8801.471926498412,-46.307970809937615,8729.1416015625,8709.05078125
2,20,20,3,1e-08,8847.779875183105,8837.45472793579,-10.325147247314817,8729.1396484375,8726.599609375
2,20,20,4,0.0001,9379.921736790584,15752.58027013143,6372.658533340846,9609.1904296875,10067.40625
2,20,20,4,1e-06,9379.921750582182,9441.999973590557,62.07822300837506,9609.189453125,9685.0673828125
2,20,20,4,1e-08,9379.92172065148,9387.150642688457,7.228922036976655,9609.189453125,9615.66015625
2,20,40,0,0.0001,10126.854426333779,9045.515143946597,-1081.3392823871818,9926.33984375,9327.7060546875
2,20,40,0,1e-06,10126.854403847143,10217.693127682334,90.83872383519156,9926.33984375,9927.1162109375
2,20,40,0,1e-08,10126.854421515214,10140.073413246557,13.218991731342612,9926.33984375,9932.44921875
2,20,40,1,0.0001,9296.333345876157,19685.920084635418,10389.58673875926,8471.41796875,10066.9931640625
2,20,40,1,1e-06,9296.333285433575,9165.799971200888,-130.5333142326872,8471.41796875,8379.2880859375
2,20,40,1,1e-08,9296.333308247687,9281.91345511131,-14.419853136378151,8471.41796875,8462.7255859375
2,20,40,2,0.0001,13160.390608135023,11124.459535559829,-2035.9310725751948,12387.9677734375,10561.76953125
2,20,40,2,1e-06,13160.390624196905,13830.420064290365,670.0294400934599,12387.9677734375,12626.15625
2,20,40,2,1e-08,13160.390636243319,13146.3611217298,-14.029514513518734,12387.9677734375,12381.33984375
2,20,40,3,0.0001,10902.927491653798,16395.507381663603,5492.579890009805,10874.4951171875,14144.5576171875
2,20,40,3,1e-06,10902.92754417242,10897.205388978471,-5.72215519394922,10874.4951171875,10934.6884765625
2,20,40,3,1e-08,10902.927529978198,10900.070708518804,-2.8568214593942685,10874.4951171875,10875.5322265625
2,20,40,4,0.0001,15555.910293579102,12156.442051674003,-3399.4682419050987,9619.025390625,10679.49609375
2,20,40,4,1e-06,15555.910212198893,15856.976877848307,301.06666564941406,9619.025390625,9691.9921875
2,20,40,4,1e-08,15555.91020711263,10802.763590494791,-4753.14661661784,9619.025390625,9627.2294921875
3,1,20,0,0.0001,5313.86902717922,6574.7952331542965,1260.9262059750763,3376.57080078125,3601.530517578125
3,1,20,0,1e-06,5313.868978749151,4702.528085231781,-611.3408935173702,3376.57080078125,3383.731689453125
3,1,20,0,1e-08,5313.869045091712,5314.572485882303,0.7034407905912303,3376.57080078125,3376.46484375
3,1,20,1,0.0001,5096.344505004883,6201.418263753255,1105.0737587483718,3270.705078125,3273.342529296875
3,1,20,1,1e-06,5096.344524536133,5114.401712646484,18.05718811035149,3270.705078125,3278.880859375
3,1,20,1,1e-08,5096.344507446289,5094.698504028321,-1.6460034179681315,3270.705078125,3270.2119140625
3,1,20,2,0.0001,3628.209206590375,3646.888857054479,18.67965046410427,3329.858154296875,3319.57861328125
3,1,20,2,1e-06,3628.2092205158715,3623.2660895782765,-4.943130937595015,3329.85791015625,3330.280517578125
3,1,20,2,1e-08,3628.209200664631,3628.356464571166,0.1472639065345902,3329.85791015625,3329.8125
3,1,20,3,0.0001,4234.87258039202,5099.669645182292,864.7970647902721,3332.4658203125,3338.5263671875
3,1,20,3,1e-06,4234.872590201242,4246.705798557827,11.833208356584692,3332.4658203125,3335.152099609375
3,1,20,3,1e-08,4234.872588021414,4233.427359444754,-1.4452285766601562,3332.4658203125,3332.308837890625
3,1,20,4,0.0001,3958.4366366553854,4615.126286920511,656.6896502651257,3481.0869140625,3539.99365234375
3,1,20,4,1e-06,3958.436648303316,5026.381375826322,1067.9447275230063,3481.0869140625,3480.38671875
3,1,20,4,1e-08,3958.4366466726055,3960.7148691424886,2.278222469883076,3481.087158203125,3482.548828125
3,1,40,0,0.0001,4413.431986910052,3646.7167976133287,-766.7151892967231,3575.3837890625,3621.189208984375
3,1,40,0,1e-06,4413.431982310472,4418.067876866434,4.635894555961386,3575.3837890625,3575.101806640625
3,1,40,0,1e-08,4413.431980411563,4413.707001449788,0.2750210382246223,3575.3837890625,3576.15087890625
3,1,40,1,0.0001,4223.7068478331275,4349.349999408332,125.64315157520468,3503.720458984375,3600.539306640625
3,1,40,1,1e-06,4223.706849078742,4237.12320662518,13.416357546437212,3503.720458984375,3501.490966796875
3,1,40,1,1e-08,4223.706849078742,4224.80012667909,1.0932776003473919,3503.720458984375,3504.741943359375
3,1,40,2,0.0001,6186.452793666294,5058.283457880435,-1128.1693357858594,3388.76953125,3506.352783203125
3,1,40,2,1e-06,6186.452723911831,6184.491106305803,-1.9616176060271755,3388.769287109375,3374.86572265625
3,1,40,2,1e-08,6186.452723911831,6183.858503069197,-2.5942208426340585,3388.769287109375,3387.968017578125
3,1,40,3,0.0001,3808.6497388008315,4077.4543014917617,268.8045626909302,3440.734130859375,3201.624267578125
3,1,40,3,1e-06,3808.6497419308394,3828.3523684770635,19.70262654622411,3440.734130859375,3427.308837890625
3,1,40,3,1e-08,3808.649729410807,3806.950965685722,-1.698763725084973,3440.734619140625,3440.074951171875
3,1,40,4,0.0001,3743.490897154197,4506.388819857761,762.8979227035638,3361.80810546875,3318.87890625
3,1,40,4,1e-06,3743.490934714293,3752.112799620017,8.621864905724124,3361.80810546875,3368.708251953125
3,1,40,4,1e-08,3743.490934714293,3743.2350236941606,-0.2559110201323165,3361.80810546875,3361.569091796875
3,7,20,0,0.0001,10632.851974487305,11484.767474704318,851.9155002170137,9552.0390625,9519.4404296875
3,7,20,0,1e-06,10632.851947360568,10555.632699740136,-77.21924762043272,9552.0390625,9582.232421875
3,7,20,0,1e-08,10632.85194905599,10632.249269273547,-0.6026797824433743,9552.0390625,9554.6845703125
3,7,20,1,0.0001,11707.863016995516,12135.441280603409,427.57826360789295,12772.1416015625,13349.3896484375
3,7,20,1,1e-06,11707.863001736727,11510.444415283204,-197.41858645352295,12772.1416015625,12760.5009765625
3,7,20,1,1e-08,11707.86296636408,11703.486607638273,-4.376358725807222,12772.1396484375,12770.408203125
3,7,20,2,0.0001,9990.675102733006,12489.175652539288,2498.500549806282,11297.970703125,12248.9189453125
3,7,20,2,1e-06,9990.675107866804,10502.92789820621,512.2527903394057,11297.970703125,11370.544921875
3,7,20,2,1e-08,9990.675100166107,9991.745643401815,1.0705432357081008,11297.970703125,11300.2412109375
3,7,20,3,0.0001,13871.72653831626,15230.676984686601,1358.9504463703415,11735.9443359375,14423.0244140625
3,7,20,3,1e-06,13871.726526800192,16295.686907450357,2423.9603806501655,11735.9462890625,11661.21875
3,7,20,3,1e-08,13871.726489372973,13869.18800555535,-2.5384838176232734,11735.9462890625,11738.11328125
3,7,20,4,0.0001,11377.59992867929,13361.722534179688,1984.1226055003972,12644.2392578125,11693.001953125
3,7,20,4,1e-06,11377.599925005878,17113.175854492187,5735.575929486309,12644.2392578125,12737.5048828125
3,7,20,4,1e-08,11377.599919919614,11385.332818490488,7.732898570873658,12644.2392578125,12649.935546875
3,7,40,0,0.0001,10194.512664794922,8823.568361147485,-1370.9443036474368,9660.3974609375,8640.7998046875
3,7,40,0,1e-06,10194.512758142808,10211.16613410501,16.653375962201608,9660.3974609375,9652.484375
3,7,40,0,1e-08,10194.51262889189,10188.137332691866,-6.375296200023513,9660.3974609375,9656.1044921875
3,7,40,1,0.0001,14354.450375976563,11701.192337769728,-2653.2580382068354,12726.95703125,13379.244140625
3,7,40,1,1e-06,14354.450380859374,11971.269264534729,-2383.1811163246457,12726.9599609375,12746.3603515625
3,7,40,1,1e-08,14354.450385742188,14351.505913085937,-2.944472656250582,12726.95703125,12730.193359375
3,7,40,2,0.0001,11034.789501953124,10520.106539690936,-514.6829622621881,9913.3505859375,11231.0751953125
3,7,40,2,1e-06,11034.789501953124,9176.434220747515,-1858.3552812056096,9913.3505859375,10019.7353515625
3,7,40,2,1e-08,11034.789583333333,11040.562255859375,5.772672526041788,9913.3505859375,9916.75390625
3,7,40,3,0.0001,8594.300110270182,11183.046393694196,2588.746283424014,8569.1552734375,9429.7978515625
3,7,40,3,1e-06,8594.30012084961,8639.432090657552,45.13196980794237,8569.15625,8606.9482421875
3,7,40,3,1e-08,8594.300084228516,8588.863275960286,-5.436808268230379,8569.15625,8568.94140625
3,7,40,4,0.0001,11307.80223882766,12835.041278076173,1527.2390392485122,13054.4208984375,13857.3212890625
3,7,40,4,1e-06,11307.802214122954,11322.419737316313,14.617523193359375,13054.4208984375,12980.26171875
3,7,40,4,1e-08,11307.802179245722,11295.394884381976,-12.407294863745847,13054.4208984375,13043.3564453125
3,14,20,0,0.0001,32507.151471819197,23277.235417683918,-9229.91605413528,18029.62109375,18486.580078125
3,14,20,0,1e-06,32507.151471819197,19525.84525190081,-12981.306219918388,18029.626953125,18076.08203125
3,14,20,0,1e-08,32507.151471819197,32473.68035016741,-33.471121651786234,18029.623046875,18022.1640625
3,14,20,1,0.0001,26462.722887073865,40066.69461568197,13603.971728608103,22556.0703125,23658.359375
3,14,20,1,1e-06,26462.722880415484,26779.805133611506,317.08225319602207,22556.0703125,22774.447265625
3,14,20,1,1e-08,26462.722891512785,26466.325352894175,3.6024613813897304,22556.0703125,22561.787109375
3,14,20,2,0.0001,23976.31404296875,29731.821392352766,5755.507349384017,20830.685546875,21875.30078125
3,14,20,2,1e-06,23976.313901367186,17101.738207499187,-6874.575693867999,20830.685546875,20728.158203125
3,14,20,2,1e-08,23976.3138671875,23941.822482910156,-34.49138427734215,20830.685546875,20804.703125
3,14,20,3,0.0001,20775.25241952572,14784.24811732769,-5991.004302198031,18727.146484375,17284.19921875
3,14,20,3,1e-06,20775.252496683373,26665.929025878908,5890.676529195534,18727.146484375,18677.08984375
3,14,20,3,1e-08,20775.25236079378,20755.37061928803,-19.881741505749233,18727.146484375,18718.12890625
3,14,20,4,0.0001,17876.111950418224,16880.51874927483,-995.5932011433943,14171.29296875,14146.8603515625
3,14,20,4,1e-06,17876.111965013588,17780.43520189368,-95.67676311990726,14171.29296875,14105.24609375
3,14,20,4,1e-08,17876.11186019234,17878.949071469513,2.837211277172173,14171.29296875,14171.03515625
3,14,40,0,0.0001,27508.66424560547,24091.92083062066,-3416.7434149848086,22234.8984375,21880.66796875
3,14,40,0,1e-06,27508.664137098523,27288.25508287218,-220.40905422634387,22234.8984375,22213.41796875
3,14,40,0,1e-08,27508.66424560547,19351.57705628638,-8157.087189319089,22234.8984375,22252.841796875
3,14,40,1,0.0001,17008.408803304035,23244.205140269885,6235.79633696585,17628.087890625,20505.0234375
3,14,40,1,1e-06,17008.408899943035,16928.46253458659,-79.94636535644531,17628.087890625,17582.22265625
3,14,40,1,1e-08,17008.408867730035,17029.495351155598,21.08648342556262,17628.087890625,17651.23046875
3,14,40,2,0.0001,18958.763305664062,16580.874339922735,-2377.8889657413274,20945.083984375,21670.45703125
3,14,40,2,1e-06,18958.76328938802,19159.73009358724,200.96680419921904,20945.083984375,20961.359375
3,14,40,2,1e-08,18958.763269856772,18967.34884033203,8.585570475257555,20945.087890625,20931.501953125
3,14,40,3,0.0001,20400.01459757487,34094.61462402344,13694.600026448566,21170.357421875,26536.513671875
3,14,40,3,1e-06,20400.014594184027,20356.43601396349,-43.57858022053915,21170.357421875,21238.328125
3,14,40,3,1e-08,20400.014582316082,20394.037746853297,-5.976835462784948,21170.357421875,21163.7109375
3,14,40,4,0.0001,22138.140943400063,27943.26755176891,5805.126608368846,19634.984375,19600.349609375
3,14,40,4,1e-06,22138.14094543457,32755.573471966913,10617.432526532342,19634.984375,19582.75
3,14,40,4,1e-08,22138.140963745118,22129.648098754882,-8.49286499023583,19634.984375,19622.787109375
3,20,20,0,0.0001,25561.209719340008,29978.514144586057,4417.3044252460495,27939.359375,30936.88671875
3,20,20,0,1e-06,25561.209714889526,25400.010026931763,-161.19968795776367,27939.359375,27774.623046875
3,20,20,0,1e-08,25561.209704717,25552.807366053265,-8.402338663734554,27939.359375,27904.892578125
3,20,20,1,0.0001,29716.070552034198,26087.075131503017,-3628.9954205311806,27996.869140625,28181.28515625
3,20,20,1,1e-06,29716.070540518132,26087.172141927083,-3628.898398591049,27996.869140625,28025.431640625
3,20,20,1,1e-08,29716.07052669885,29737.838307506634,21.7677808077824,27996.869140625,28003.0625
3,20,20,2,0.0001,20413.878802131203,25791.429788028494,5377.550985897291,22847.875,21886.416015625
3,20,20,2,1e-06,20413.878855985753,20461.54515461641,47.666298630658275,22847.875,22900.599609375
3,20,20,2,1e-08,20413.878838034238,20379.358079618567,-34.52075841567057,22847.875,22816.015625
3,20,20,3,0.0001,27847.93509235788,28735.94944015204,888.0143477941601,24068.892578125,25429.068359375
3,20,20,3,1e-06,27847.93509495512,27839.85145211727,-8.083642837849766,24068.892578125,24137.7421875
3,20,20,3,1e-08,27847.93509235788,27842.63934326172,-5.295749096159852,24068.892578125,24072.138671875
3,20,20,4,0.0001,41602.14384765625,28324.03586331281,-13278.107984343438,28667.958984375,31823.482421875
3,20,20,4,1e-06,41602.14384765625,41506.25771484375,-95.88613281249854,28667.958984375,28548.173828125
3,20,20,4,1e-08,41602.14384765625,41610.88442382812,8.740576171876455,28667.958984375,28672.4765625
3,20,40,0,0.0001,36181.15090332031,37699.544507290455,1518.3936039701439,33472.2265625,35224.3203125
3,20,40,0,1e-06,36181.15094238281,36511.64844726562,330.4975048828128,33472.2265625,33826.06640625
3,20,40,0,1e-08,36181.15094238281,36176.50256835938,-4.648374023432552,33472.2265625,33458.28515625
3,20,40,1,0.0001,24828.805671938004,30600.420412848976,5771.614740910973,28613.67578125,33128.09375
3,20,40,1,1e-06,24828.80566996913,26844.746557326544,2015.9408873574139,28613.677734375,28640.7890625
3,20,40,1,1e-08,24828.805656186996,31065.8300707268,6237.024414539803,28613.6796875,28647.41015625
3,20,40,2,0.0001,22620.657906272194,53181.6315536499,30560.97364737771,23452.685546875,26632.88671875
3,20,40,2,1e-06,22620.65789240057,42890.420032848015,20269.762140447445,23452.685546875,23399.744140625
3,20,40,2,1e-08,22620.65790904652,22655.132184115322,34.474275068801944,23452.685546875,23475.259765625
3,20,40,3,0.0001,29234.12630641207,25074.3527955086,-4159.773510903469,27610.921875,31295.7578125
3,20,40,3,1e-06,29234.12623628657,41022.79386393229,11788.667627645718,27610.921875,27188.630859375
3,20,40,3,1e-08,29234.126242779672,29235.047289259892,0.9210464802199567,27610.921875,27599.078125
3,20,40,4,0.0001,29786.124808517157,32340.729748535156,2554.604940017998,30996.294921875,34803.97265625
3,20,40,4,1e-06,29786.12479176241,29787.16344018076,1.038648418350931,30996.294921875,30973.548828125
3,20,40,4,1e-08,29786.124808517157,29721.531726313573,-64.59308220358434,30996.294921875,30943.896484375
4,1,20,0,0.0001,8722.45600140284,9771.398746490479,1048.9427450876392,6857.677734375,7109.9365234375
4,1,20,0,1e-06,8722.456007215711,8792.745945521763,70.28993830605214,6857.677734375,6896.60595703125
4,1,20,0,1e-08,8722.455999465215,8723.061419774616,0.6054203094008699,6857.677734375,6858.50341796875
4,1,20,1,0.0001,8930.121287626378,9390.734119639677,460.61283201329934,7095.79150390625,7298.380859375
4,1,20,1,1e-06,8930.121287626378,8976.894274543314,46.772986916936134,7095.79150390625,7134.306640625
4,1,20,1,1e-08,8930.12151740579,8930.331507065717,0.2099896599265776,7095.791015625,7098.107421875
4,1,20,2,0.0001,8697.352976152973,8262.904081072125,-434.44889508084816,6831.75439453125,7142.82861328125
4,1,20,2,1e-06,8697.352976152973,8714.634156257876,17.281180104902887,6831.75439453125,6822.24658203125
4,1,20,2,1e-08,8697.352913148941,8695.37356961158,-1.9793435373612738,6831.75439453125,6829.43505859375
4,1,20,3,0.0001,6676.564822110263,8855.146722608997,2178.5819004987343,7106.1884765625,7050.6162109375
4,1,20,3,1e-06,6676.564811012961,8640.33363560268,1963.768824589718,7106.1884765625,7068.57958984375
4,1,20,3,1e-08,6676.564822110263,6675.840110085227,-0.7247120250358421,7106.1884765625,7106.61083984375
4,1,20,4,0.0001,9253.243612037515,12237.63154296875,2984.387930931234,7058.0947265625,6634.43408203125
4,1,20,4,1e-06,9253.243602824661,9251.558682423718,-1.684920400943156,7058.0947265625,7068.1240234375
4,1,20,4,1e-08,9253.243612037515,9253.397906033499,0.1542939959836076,7058.0947265625,7059.0830078125
4,1,40,0,0.0001,7175.778203473772,9998.97660038389,2823.1983969101184,7279.67529296875,7818.80859375
4,1,40,0,1e-06,7175.778203473772,7502.502286849483,326.7240833757114,7279.67529296875,7273.01220703125
4,1,40,0,1e-08,7175.778203473772,7172.670195661272,-3.108007812499636,7279.67529296875,7277.544921875
4,1,40,1,0.0001,8124.009229871962,11959.325387937213,3835.3161580652513,7107.03466796875,7466.607421875
4,1,40,1,1e-06,8124.009256998698,7066.668815145687,-1057.3404418530108,7107.03466796875,7092.12060546875
4,1,40,1,1e-08,8124.009229871962,8123.851077609592,-0.15815226237009483,7107.03466796875,7105.96337890625
4,1,40,2,0.0001,9478.70328969804,17347.551676432293,7868.848386734253,7092.7666015625,7317.49658203125
4,1,40,2,1e-06,9478.703305199033,9606.716460284064,128.01315508503103,7092.7666015625,7162.09326171875
4,1,40,2,1e-08,9478.703306167845,9478.804843478732,0.10153731088757922,7092.7666015625,7095.06640625
4,1,40,3,0.0001,7220.593158830915,11916.76695033482,4696.173791503906,7359.90234375,8221.8134765625
4,1,40,3,1e-06,7220.593176269531,7599.810028076172,379.216851806641,7359.90234375,7372.1640625
4,1,40,3,1e-08,7220.593162318638,7220.80812813895,0.2149658203125,7359.90234375,7357.3984375
4,1,40,4,0.0001,7013.8318795868845,10083.32933666088,3069.497457073995,7152.087890625,7554.37109375
4,1,40,4,1e-06,7013.8318721886835,6537.318440755208,-476.5134314334755,7152.087890625,7119.25
4,1,40,4,1e-08,7013.8318869850855,7012.8827570134945,-0.9491299715909918,7152.0869140625,7154.09326171875
4,7,20,0,0.0001,24523.13218688965,25565.859014410722,1042.7268275210736,23259.25,22734.1640625
4,7,20,0,1e-06,24523.13218282064,24446.663508097332,-76.46867472330632,23259.25,23133.6015625
4,7,20,0,1e-08,24523.13218282064,24521.292431640624,-1.839751180013991,23259.25,23257.095703125
4,7,20,1,0.0001,24740.823279339333,16756.413553927807,-7984.409725411526,20627.37890625,20172.0703125
4,7,20,1,1e-06,24740.82327668563,24920.756936778194,179.9336600925635,20627.37890625,20690.810546875
4,7,20,1,1e-08,24740.823300568954,24736.23801322605,-4.58528734290303,20627.37890625,20625.466796875
4,7,20,2,0.0001,25295.166307636337,21608.858878531108,-3686.307429105229,20834.291015625,20708.05078125
4,7,20,2,1e-06,25295.166324391084,25172.088479434744,-123.07784495634041,20834.291015625,20792.451171875
4,7,20,2,1e-08,25295.166173598347,25282.98253437117,-12.183639227176172,20834.291015625,20822.41015625
4,7,20,3,0.0001,23091.504748535157,24361.986687753713,1270.4819392185564,19939.82421875,19964.19921875
4,7,20,3,1e-06,23091.50477183949,24581.75491657663,1490.2501447371396,19939.82421875,19925.859375
4,7,20,3,1e-08,23091.504747425428,23084.937271395596,-6.567476029831596,19939.82421875,19945.53125
4,7,20,4,0.0001,28375.428309925817,36123.64208984375,7748.213779917933,28730.3046875,30846.708984375
4,7,20,4,1e-06,28375.42831099661,28454.4045240014,78.97621300478932,28730.3046875,28750.8671875
4,7,20,4,1e-08,28375.42830671344,28383.941599527996,8.513292814557644,28730.3046875,28742.59765625
4,7,40,0,0.0001,19920.901076336297,22171.48869243421,2250.5876160979133,18910.1328125,20175.6796875
4,7,40,0,1e-06,19920.900976064255,16560.99140035695,-3359.9095757073046,18910.1328125,18779.279296875
4,7,40,0,1e-08,19920.900994125677,19913.639200015943,-7.261794109734183,18910.1328125,18913.69140625
4,7,40,1,0.0001,20157.309516601563,28243.00131965406,8085.691803052498,24134.373046875,23833.615234375
4,7,40,1,1e-06,20157.30954589844,28405.674343532984,8248.364797634546,24134.373046875,24335.435546875
4,7,40,1,1e-08,20157.30937011719,20162.697998046875,5.388627929685754,24134.373046875,24130.486328125
4,7,40,2,0.0001,23111.070185908564,24358.37730766745,1247.3071217588877,24425.15234375,26956.556640625
4,7,40,2,1e-06,23111.07014069734,22499.199594726564,-611.8705459707744,24425.15234375,24502.408203125
4,7,40,2,1e-08,23111.07015878183,23083.99831814236,-27.071840639469883,24425.15234375,24406.04296875
4,7,40,3,0.0001,24452.895911490563,32630.06776936849,8177.1718578779255,23734.46875,23978.05078125
4,7,40,3,1e-06,24452.89595137492,21530.95017578125,-2921.945775593671,23734.46875,23988.67578125
4,7,40,3,1e-08,24452.89591632503,21100.906748046877,-3351.9891682781526,23734.46875,23720.158203125
4,7,40,4,0.0001,27325.37304178874,40417.15572265625,13091.782680867513,24236.5,30889.865234375
4,7,40,4,1e-06,27325.373037338257,23973.168782284385,-3352.2042550538717,24236.5,24343.138671875
4,7,40,4,1e-08,27325.37305514018,27316.35046195984,-9.022593180339754,24236.5,24239.921875
4,14,20,0,0.0001,52452.62022908529,23603.392056870736,-28849.228172214553,43571.5546875,44024.26171875
4,14,20,0,1e-06,52452.62022908529,52948.48872375488,495.86849466959393,43571.5546875,43781.5390625
4,14,20,0,1e-08,52452.62022908529,52477.747884114586,25.127655029296875,43571.5546875,43582.51953125
4,14,20,1,0.0001,46574.418226087415,43073.32675566156,-3501.091470425854,40469.0390625,43563.23828125
4,14,20,1,1e-06,46574.418226087415,46242.71798128695,-331.70024480046413,40469.0390625,40241.46484375
4,14,20,1,1e-08,46574.41831846495,46651.305251662794,76.88693319784215,40469.0390625,40520.62109375
4,14,20,2,0.0001,53264.54175274189,52862.92511635638,-401.6166363855082,44747.5,44011.67578125
4,14,20,2,1e-06,53264.54177152194,48278.53150614754,-4986.010265374396,44747.5,44962.421875
4,14,20,2,1e-08,53264.54175274189,53255.18606097881,-9.35569176307763,44747.5,44750.08984375
4,14,20,3,0.0001,36914.47418619792,43564.22806663513,6649.753880437209,36499.58984375,36733.62109375
4,14,20,3,1e-06,36914.47419921875,43610.82101717862,6696.346817959871,36499.58984375,36305.65234375
4,14,20,3,1e-08,36914.47418619792,36903.102415364585,-11.371770833335177,36499.58984375,36478.30078125
4,14,20,4,0.0001,38651.152654233185,54774.930943080355,16123.77828884717,34220.05078125,33501.3515625
4,14,20,4,1e-06,38651.15276303499,39378.67976888021,727.5270058452224,34220.05078125,34069.56640625
4,14,20,4,1e-08,38651.15274711277,38628.22394064198,-22.928806470787094,34220.05078125,34200.9921875
4,14,40,0,0.0001,40869.023218187234,47919.51252826891,7050.489310081677,48396.07421875,52926.390625
4,14,40,0,1e-06,40869.023218187234,46286.38684000651,5417.363621819277,48396.07421875,48936.390625
4,14,40,0,1e-08,40869.023089909955,40883.481201171875,14.45811126191984,48396.07421875,48408.0703125
4,14,40,1,0.0001,42055.963895670575,55076.34427157315,13020.380375902576,44426.703125,47992.8984375
4,14,40,1,1e-06,42055.96403401693,37947.42216222426,-4108.541871792666,44426.703125,44728.375
4,14,40,1,1e-08,42055.963887532555,42038.47333984375,-17.4905476888016,44426.703125,44431.06640625
4,14,40,2,0.0001,46923.751748728195,69139.88736754579,22216.135618817592,46036.14453125,61066.44140625
4,14,40,2,1e-06,46923.751744943074,46718.01377608425,-205.7379688588262,46036.14453125,46035.921875
4,14,40,2,1e-08,46923.75174305051,46930.78998985586,7.038246805350354,46036.14453125,46059.234375
4,14,40,3,0.0001,40422.67107833059,39706.66434961955,-716.0067287110433,48118.71875,47607.703125
4,14,40,3,1e-06,40422.67112972862,46855.04678669382,6432.375656965203,48118.71875,47338.20703125
4,14,40,3,1e-08,40422.6710911801,40447.99226459704,25.32117341693811,48118.71875,48158.49609375
4,14,40,4,0.0001,32683.251020507814,52430.47901826746,19747.227997759648,34005.05078125,32518.30859375
4,14,40,4,1e-06,32683.251020507814,32783.7921484375,100.54112792968226,34005.05078125,34035.7109375
4,14,40,4,1e-08,32683.251020507814,32654.605234375,-28.645786132812646,34005.05078125,33953.2578125
4,20,20,0,0.0001,59241.783935546875,55386.61020379318,-3855.173731753697,50385.0859375,48968.87109375
4,20,20,0,1e-06,59241.78396151928,59948.30738716937,706.5234256500917,50385.0859375,50998.3515625
4,20,20,0,1e-08,59241.78395892204,59189.30928201878,-52.474676903257205,50385.0859375,50367.74609375
4,20,20,1,0.0001,73402.35003532247,65333.03923439493,-8069.310800927538,62267.6171875,66275.6328125
4,20,20,1,1e-06,73402.350170379,73647.20992457613,244.8597541971394,62267.6171875,62799.47265625
4,20,20,1,1e-08,73402.35001454454,73502.89995948304,100.54994493849517,62267.6171875,62317.09375
4,20,20,2,0.0001,57514.31332632212,118407.10930524554,60892.79597892342,65071.51953125,74216.96875
4,20,20,2,1e-06,57514.31332397461,57735.856119009164,221.54279503455473,65071.51953125,65296.6875
4,20,20,2,1e-08,57514.31330754207,57507.30388113169,-7.00942641038273,65071.51953125,65068.3203125
4,20,20,3,0.0001,88866.01586914062,91728.25300480769,2862.237135667063,62297.234375,65252.90625
4,20,20,3,1e-06,88866.01586914062,73539.12361174938,-15326.892257391242,62297.234375,62290.72265625
4,20,20,3,1e-08,88866.01586914062,88879.8935546875,13.877685546875,62297.234375,62298.5703125
4,20,20,4,0.0001,74405.92232412662,92228.89473783053,17822.972413703916,66288.390625,66715.765625
4,20,20,4,1e-06,74405.92231721699,73712.99245006633,-692.9298671506549,66288.390625,66074.390625
4,20,20,4,1e-08,74405.92231261055,74377.52404094192,-28.398271668629604,66288.390625,66277.6171875
4,20,40,0,0.0001,47566.23320934819,61588.352076037176,14022.118866688987,58546.25390625,64069.59765625
4,20,40,0,1e-06,47566.23336253447,47739.10877900965,172.87541647518083,58546.25390625,58582.81640625
4,20,40,0,1e-08,47566.23336253447,47552.224750593596,-14.00861194087338,58546.25390625,58584.65625
4,20,40,1,0.0001,33100.93878031886,64220.47104624155,31119.532265922695,42223.01171875,46698.08984375
4,20,40,1,1e-06,33100.938757608106,42189.10839288885,9088.169635280741,42223.01171875,42248.60546875
4,20,40,1,1e-08,33100.938757608106,33062.953230037245,-37.98552757086145,42223.01171875,42167.30078125
4,20,40,2,0.0001,44659.40194402957,64785.59816307358,20126.19621904401,55684.8671875,56194.2890625
4,20,40,2,1e-06,44659.40194881664,42313.95274353027,-2345.4492052863643,55684.8671875,55274.4921875
4,20,40,2,1e-08,44659.40177887561,44674.97541599648,15.573637120869535,55684.8671875,55730.453125
4,20,40,3,0.0001,97890.5615234375,60377.27864213423,-37513.28288130327,63731.24609375,54215.72265625
4,20,40,3,1e-06,97890.5615234375,96283.31196732954,-1607.2495561079559,63731.24609375,63021.4609375
4,20,40,3,1e-08,97890.5614790483,97963.25759055397,72.69611150567653,63731.24609375,63749.1640625
4,20,40,4,0.0001,44970.90852355957,47237.48426106771,2266.5757375081375,52952.4765625,51776.734375
4,20,40,4,1e-06,44970.908515930176,45418.39207458496,447.48355865478516,52952.4765625,53437.296875
4,20,40,4,1e-08,44970.90855407715,44974.28723907471,3.3786849975585938,52952.4765625,52967.87890625
5,1,20,0,0.0001,11455.035205078126,11156.955416592684,-298.0797884854419,12275.9169921875,12052.7001953125
5,1,20,0,1e-06,11455.035361328126,11218.451893199574,-236.58346812855234,12275.9169921875,12267.38671875
5,1,20,0,1e-08,11455.035205078126,11450.764887695312,-4.270317382814028,12275.9169921875,12270.3203125
5,1,20,1,0.0001,13543.768880208334,15680.397318522135,2136.628438313801,12810.767578125,12715.33203125
5,1,20,1,1e-06,13543.768880208334,11566.843569548233,-1976.9253106601009,12810.767578125,12874.1591796875
5,1,20,1,1e-08,13543.768880208334,13543.60107421875,-0.16780598958393966,12810.767578125,12809.8896484375
5,1,20,2,0.0001,17373.008347455194,20998.92428416126,3625.9159367060674,12766.2373046875,13792.2724609375
5,1,20,2,1e-06,17373.008347455194,17416.276241526884,43.267894071690534,12766.2373046875,12793.296875
5,1,20,2,1e-08,17373.00833309398,17367.991781795725,-5.0165512982566725,12766.2373046875,12762.421875
5,1,20,3,0.0001,16502.555426989104,23110.759440104168,6608.204013115064,12857.26953125,13643.28125
5,1,20,3,1e-06,16502.55540385999,18179.82759183996,1677.2721879799683,12857.26953125,12812.712890625
5,1,20,3,1e-08,16502.55543983861,16502.695511667353,0.14007182874411228,12857.26953125,12857.4384765625
5,1,20,4,0.0001,16995.80274483817,16697.637580422794,-298.16516441537533,12538.4013671875,12297.708984375
5,1,20,4,1e-06,16995.802762276784,16943.047516741073,-52.755245535710856,12538.400390625,12483.1923828125
5,1,20,4,1e-08,16995.802748325892,16992.478494698662,-3.324253627230064,12538.400390625,12539.0810546875
5,1,40,0,0.0001,18154.739308324355,18977.799153973978,823.0598456496227,13400.0634765625,13201.0224609375
5,1,40,0,1e-06,18154.739316742995,18157.17724609375,2.4379293507554394,13400.0634765625,13370.6455078125
5,1,40,0,1e-08,18154.739299905712,18167.425238247575,12.68593834186322,13400.0634765625,13411.423828125
5,1,40,1,0.0001,14087.074146815708,19281.57207215507,5194.497925339363,12810.869140625,13145.8681640625
5,1,40,1,1e-06,14087.07419041225,14048.134412493024,-38.93977791922589,12810.869140625,12779.10546875
5,1,40,1,1e-08,14087.074242728097,14087.19346182687,0.119219098773101,12810.869140625,12808.8525390625
5,1,40,2,0.0001,15907.981075402462,19282.051513671875,3374.070438269413,12864.748046875,13043.982421875
5,1,40,2,1e-06,15907.981075402462,15888.134166370739,-19.846909031723044,12864.748046875,12885.5556640625
5,1,40,2,1e-08,15907.98106060606,15907.27382220644,-0.7072383996201097,12864.748046875,12865.16796875
5,1,40,3,0.0001,17431.48183545879,17251.40868088295,-180.07315457584264,13400.328125,13437.8720703125
5,1,40,3,1e-06,17431.481782801013,17486.439228132658,54.95744533164543,13400.328125,13409.7724609375
5,1,40,3,1e-08,17431.481801949296,17433.636800130207,2.154998180911207,13400.326171875,13398.408203125
5,1,40,4,0.0001,13681.284383839575,22168.194012709067,8486.909628869493,13042.8623046875,15069.794921875
5,1,40,4,1e-06,13681.2844090955,13687.262042867726,5.97763377222509,13042.8623046875,13038.4609375
5,1,40,4,1e-08,13681.28440067686,13690.058061270878,8.77366059401902,13042.8623046875,13052.310546875
5,7,20,0,0.0001,52743.88575503701,47994.37990951538,-4749.505845521628,40904.0078125,39820.203125
5,7,20,0,1e-06,52743.88575503701,55470.413578913765,2726.527823876757,40904.0078125,41331.4921875
5,7,20,0,1e-08,52743.88575503701,52717.02932257401,-26.856432462998782,40904.0078125,40884.453125
5,7,20,1,0.0001,50919.63057454427,61195.46864091589,10275.838066371616,47105.9453125,51548.05859375
5,7,20,1,1e-06,50919.63064778646,50849.59888305664,-70.03176472981431,47105.94140625,47139.796875
5,7,20,1,1e-08,50919.63064778646,50911.890020751955,-7.740627034501813,47105.94140625,47170.32421875
5,7,20,2,0.0001,59525.557295636434,82071.43983289931,22545.882537262878,50893.66796875,55787.91796875
5,7,20,2,1e-06,59525.55717654344,59904.44294364497,378.8857671015285,50893.66796875,50989.55859375
5,7,20,2,1e-08,59525.55727181784,59560.94584841844,35.38857660060603,50893.66796875,50913.4609375
5,7,20,3,0.0001,50082.06547137004,49584.32518368676,-497.7402876832857,40371.0546875,40734.62109375
5,7,20,3,1e-06,50082.065667873474,50160.823605421116,78.75793754764163,40371.0546875,40353.66015625
5,7,20,3,1e-08,50082.06566191882,50082.966141863566,0.9004799447429832,40371.0546875,40368.3515625
5,7,20,4,0.0001,52539.99178059896,62907.35694110577,10367.365160506808,44171.54296875,46421.91796875
5,7,20,4,1e-06,52539.99178059896,52593.959075927734,53.967295328773616,44171.54296875,44301.25390625
5,7,20,4,1e-08,52539.99178059896,52505.58152770996,-34.41025288899982,44171.54296875,44152.74609375
5,7,40,0,0.0001,43771.817314453125,76208.97708407315,32437.159769620026,44529.10546875,63931.8515625
5,7,40,0,1e-06,43771.817314453125,57663.7927734375,13891.975458984372,44529.10546875,44414.734375
5,7,40,0,1e-08,43771.81715820313,43769.29225585938,-2.52490234375,44529.10546875,44522.69921875
5,7,40,1,0.0001,54566.02582465278,46712.02399902344,-7854.001825629341,43680.25390625,46232.12109375
5,7,40,1,1e-06,54566.02582465278,55446.40353732639,880.3777126736095,43680.2578125,43808.26953125
5,7,40,1,1e-08,54566.02582465278,54583.70675998264,17.680935329859494,43680.2578125,43666.62109375
5,7,40,2,0.0001,48856.79783460829,45015.41664123535,-3841.3811933729376,42290.81640625,45042.06640625
5,7,40,2,1e-06,48856.79785043222,49464.3698159677,607.5719655354842,42290.81640625,42573.9375
5,7,40,2,1e-08,48856.79783347801,48884.70364153827,27.905808060255367,42290.81640625,42316.125
5,7,40,3,0.0001,46261.42116411994,90723.51483154297,44462.093667423025,50389.69140625,61385.36328125
5,7,40,3,1e-06,46261.42116411994,51333.76023517269,5072.339071052746,50389.69140625,50666.15234375
5,7,40,3,1e-08,46261.42116411994,46312.57658835018,51.15542423023726,50389.69140625,50440.6796875
5,7,40,4,0.0001,43670.37048688616,57113.95327982088,13443.582792934722,35489.1484375,46896.64453125
5,7,40,4,1e-06,43670.370598493304,70707.20241477272,27036.831816279417,35489.1484375,35302.4140625
5,7,40,4,1e-08,43670.37054268973,43612.73341936384,-57.63712332589057,35489.1484375,35473.37890625
5,14,20,0,0.0001,108720.29262181332,128331.54599056604,19611.253368752718,87017.4375,97194.59375
5,14,20,0,1e-06,108720.2925961143,108805.13698858964,84.84439247533737,87017.4375,86831.5
5,14,20,0,1e-08,108720.29263466282,108612.54322574013,-107.7494089226966,87017.4375,86917.140625
5,14,20,1,0.0001,101007.39457800033,93143.9772995283,-7863.417278472029,84278.0859375,84725.3828125
5,14,20,1,1e-06,101007.39453644448,101115.54393492354,108.14939847905771,84278.0859375,84595.2265625
5,14,20,1,1e-08,101007.39457800033,101013.01707426031,5.622496259980835,84278.0859375,84272.6875
5,14,20,2,0.0001,101415.78611480213,81323.54869887407,-20092.23741592806,89773.3359375,84876.328125
5,14,20,2,1e-06,101415.78613081135,102939.31184362192,1523.5257128105732,89773.3359375,90826.4453125
5,14,20,2,1e-08,101415.78616282978,101433.86835217084,18.082189341061166,89773.3359375,89782.3671875
5,14,20,3,0.0001,91460.74723122337,71524.75411224365,-19935.99311897972,77822.6953125,76277.8671875
5,14,20,3,1e-06,91460.74682062323,88044.83173828125,-3415.915082341977,77822.6953125,77867.3671875
5,14,20,3,1e-08,91460.74682062323,91385.42747358842,-75.3193470348051,77822.6953125,77783.5234375
5,14,20,4,0.0001,81753.18889010683,94546.05666118421,12792.867771077377,69693.7890625,81583.265625
5,14,20,4,1e-06,81753.18896982621,80331.01844230531,-1422.1705275208951,69693.7890625,69814.140625
5,14,20,4,1e-08,81753.18925382652,81783.50389379385,30.31463996732782,69693.7890625,69714.25
5,14,40,0,0.0001,49009.287282307945,68531.62446995785,19522.337187649908,59971.21484375,76624.734375
5,14,40,0,1e-06,49009.2873196072,49437.75924343533,428.471923828125,59971.21484375,60037.109375
5,14,40,0,1e-08,49009.2873196072,49034.199815538195,24.91249593099201,59971.21484375,60025.58984375
5,14,40,1,0.0001,56284.64493164062,135950.02392578125,79665.37899414063,66850.8515625,80188.125
5,14,40,1,1e-06,56284.64493164062,56528.92426757813,244.2793359375064,66850.8515625,67512.2109375
5,14,40,1,1e-08,56284.64493164062,56287.630087890626,2.9851562500043656,66850.8515625,66899.296875
5,14,40,2,0.0001,71061.05797054894,45371.058837890625,-25689.99913265831,75913.8828125,65497.0390625
5,14,40,2,1e-06,71061.05816007915,103858.58966619318,32797.53150611403,75913.8828125,76564.4921875
5,14,40,2,1e-08,71061.05807655735,71039.10889314351,-21.949183413846185,75913.8828125,75901.4609375
5,14,40,3,0.0001,57735.33736843533,53809.59771966934,-3925.739648765986,64884.4921875,65875.25
5,14,40,3,1e-06,57735.33739217123,57775.50853135851,40.17113918728137,64884.4921875,65162.39453125
5,14,40,3,1e-08,57735.33737860786,57667.874386257594,-67.46299235026527,64884.4921875,64855.62109375
5,14,40,4,0.0001,49211.068234327366,59269.854287790695,10058.78605346333,58601.99609375,57707.9375
5,14,40,4,1e-06,49211.068228372715,48371.45462772764,-839.6136006450761,58601.99609375,58185.8359375
5,14,40,4,1e-08,49211.06824028201,49217.34623755478,6.277997272773064,58601.99609375,58604.375
5,20,20,0,0.0001,117325.1996459961,102423.57327791539,-14901.626368080702,110458.34375,127587.390625
5,20,20,0,1e-06,117325.1996459961,122215.21078565644,4890.011139660346,110458.34375,110373.7734375
5,20,20,0,1e-08,117325.1996459961,117223.79503377278,-101.40461222331214,110458.34375,110353.34375
5,20,20,1,0.0001,132252.398043119,85513.87647019219,-46738.52157292681,108276.703125,117909.296875
5,20,20,1,1e-06,132252.398043119,130056.30973815918,-2196.0883049598197,108276.703125,107909.6015625
5,20,20,1,1e-08,132252.398043119,132207.64208984375,-44.75595327524934,108276.703125,108262.6796875
5,20,20,2,0.0001,91462.17231750488,121337.08990071615,29874.917583211267,94144.328125,98368.6328125
5,20,20,2,1e-06,91462.17232186453,91626.9615500314,164.789228166861,94144.328125,94165.90625
5,20,20,2,1e-08,91462.17233058384,91413.84460449219,-48.32772609165113,94144.328125,94102.0859375
5,20,20,3,0.0001,90389.85453033447,119168.31956845238,28778.46503811791,93611.671875,100551.125
5,20,20,3,1e-06,90389.85439300537,90368.47654397147,-21.37784903390275,93611.671875,93573.5546875
5,20,20,3,1e-08,90389.8543951852,90452.18746948242,62.333074297217536,93611.671875,93657.765625
5,20,20,4,0.0001,105983.41986301968,129402.92913333954,23419.50927031986,91725.234375,105054.2109375
5,20,20,4,1e-06,105983.41980198452,103077.46149501516,-2905.9583069693617,91725.234375,92174.8984375
5,20,20,4,1e-08,105983.41985866001,106005.9093082973,22.48944963728718,91725.234375,91764.5078125
5,20,40,0,0.0001,91275.16801757812,120543.48046875,29268.312451171878,111949.3203125,115795.4765625
5,20,40,0,1e-06,91275.16801757812,96248.30828683036,4973.140269252239,111949.3203125,112332.7265625
5,20,40,0,1e-08,91275.16801757812,91371.46087239584,96.29285481771512,111949.3203125,112007.1640625
5,20,40,1,0.0001,88343.7733001709,168230.156286991,79886.3829868201,102961.3515625,137608.625
5,20,40,1,1e-06,88343.77327728271,89754.9432296753,1411.1699523925781,102961.3515625,103693.40625
5,20,40,1,1e-08,88343.77327728271,88385.37586212158,41.60258483886719,102961.3515625,103042.625
5,20,40,2,0.0001,85581.43460121637,247474.0263671875,161892.59176597113,103463.46875,148307.75
5,20,40,2,1e-06,85581.43460121637,85101.36543061462,-480.0691706017533,103463.46875,103688.4765625
5,20,40,2,1e-08,85581.43460121637,85745.78430021262,164.34969899624411,103463.46875,103597.2421875
5,20,40,3,0.0001,98755.28344409497,264983.97513020836,166228.6916861134,115518.5546875,146850.46875
5,20,40,3,1e-06,98755.28306361607,102261.25672496449,3505.9736613484274,115518.5546875,114881.9453125
5,20,40,3,1e-08,98755.28303825081,98742.86923891539,-12.413799335423391,115518.5546875,115544.9921875
5,20,40,4,0.0001,119370.47617020566,92082.56448215392,-27287.91168805174,117955.8046875,119860.015625
5,20,40,4,1e-06,119370.47617229233,162272.78125,42902.30507770767,117955.8046875,117325.3203125
5,20,40,4,1e-08,119370.47620150575,119221.13492421208,-149.34127729367174,117955.8046875,117843.7578125
1,1,20,0,1e-05,279.5367098852992,462.0191020202637,182.48239213496447,264.4375,263.26416015625
1,1,20,0,1e-07,279.53671218007804,279.8775447070599,0.34083252698184197,264.4375,264.62921142578125
1,1,20,0,1e-09,279.5367121502757,279.5743474945426,0.03763534426690285,264.4375,264.4620666503906
1,1,20,0,1e-11,279.53671057075263,279.54182858914135,0.005118018388714063,264.4375,264.43939208984375
1,1,20,1,1e-05,344.73244212533154,352.1413956133779,7.408953488046336,261.1551513671875,264.9997253417969
1,1,20,1,1e-07,344.7324396274811,345.8138361704904,1.0813965430093049,261.1551513671875,261.8781433105469
1,1,20,1,1e-09,344.73243944173635,344.67129684811414,-0.06114259362220764,261.1551513671875,261.13360595703125
1,1,20,1,1e-11,344.73244014313053,344.7298771253852,-0.0025630177453308534,261.1551513671875,261.15374755859375
1,1,20,2,1e-05,310.6605134180614,335.87508148107776,25.214568063016372,264.3926696777344,265.32342529296875
1,1,20,2,1e-07,310.6605137160846,310.4933426635606,-0.16717105252399733,264.3927001953125,264.2583923339844
1,1,20,2,1e-09,310.66051289013456,310.6530648129327,-0.007448077201843262,264.3927001953125,264.3940734863281
1,1,20,2,1e-11,310.66051409925734,310.6587835890906,-0.001730510166737531,264.3927001953125,264.3902893066406
1,1,20,3,1e-05,313.30958674246807,390.3670514751883,77.05746473272023,279.51409912109375,280.92999267578125
1,1,20,3,1e-07,313.3095881520656,313.3309062823915,0.021318130325880702,279.51409912109375,279.57427978515625
1,1,20,3,1e-09,313.3095881980762,313.29345011292844,-0.01613808514775883,279.51409912109375,279.51092529296875
1,1,20,3,1e-11,313.30958814370007,313.3098664158269,0.00027827212682041136,279.51409912109375,279.5151672363281
1,1,20,4,1e-05,270.77718768049687,253.39226283550263,-17.38492484499423,267.5738220214844,267.472412109375
1,1,20,4,1e-07,270.77718612376384,270.1714811430258,-0.6057049807380395,267.5738525390625,267.18670654296875
1,1,20,4,1e-09,270.7771863481578,270.8185219343971,0.041335586239313216,267.5738220214844,267.59393310546875
1,1,20,4,1e-11,270.77718669877333,270.77943320484724,0.00224650607390231,267.5738220214844,267.5755920410156
1,1,40,0,1e-05,387.92208311219275,362.13317838311195,-25.788904729080798,288.4693603515625,293.815673828125
1,1,40,0,1e-07,387.9220831887222,387.7757699577897,-0.14631323093249193,288.4693603515625,288.2928771972656
1,1,40,0,1e-09,387.9220829767945,387.94100025627347,0.018917279478955606,288.4693603515625,288.4610290527344
1,1,40,0,1e-11,387.922083100419,387.9229565086188,0.0008734081998227339,288.4693603515625,288.4691467285156
1,1,40,1,1e-05,295.1471250621896,295.524225184792,0.37710012260237136,268.7698059082031,269.44970703125
1,1,40,1,1e-07,295.14712515002805,295.14364691784505,-0.0034782321829993634,268.76983642578125,268.7901916503906
1,1,40,1,1e-09,295.14712469828754,295.1523449232704,0.005220224982849686,268.7698669433594,268.7822570800781
1,1,40,1,1e-11,295.1471253382532,295.1456412265175,-0.001484111735692295,268.7698669433594,268.7713623046875
1,1,40,2,1e-05,354.59663830457197,351.85999255282906,-2.7366457517429126,279.87353515625,278.01654052734375
1,1,40,2,1e-07,354.59663777389835,354.28083553685934,-0.31580223703900856,279.87353515625,279.8207702636719
1,1,40,2,1e-09,354.5966372098974,354.4993959120525,-0.09724129784490287,279.87353515625,279.8134460449219
1,1,40,2,1e-11,354.5966388634456,354.5902505638779,-0.006388299567731792,279.87353515625,279.87152099609375
1,1,40,3,1e-05,266.8451411899973,259.4281363582611,-7.417004831736222,257.71417236328125,258.4612121582031
1,1,40,3,1e-07,266.8451385478504,266.73867908853,-0.10645945932043333,257.71417236328125,257.5146179199219
1,1,40,3,1e-09,266.8451375433656,266.84686828441306,0.0017307410474813878,257.71417236328125,257.69635009765625
1,1,40,3,1e-11,266.8451368476524,266.8422304196436,-0.002906428008770945,257.71417236328125,257.70977783203125
1,1,40,4,1e-05,300.39545612865027,406.03320566813153,105.63774953948126,270.65484619140625,270.2917175292969
1,1,40,4,1e-07,300.3954571882884,300.9165259630252,0.5210687747368183,270.65484619140625,270.66839599609375
1,1,40,4,1e-09,300.3954567644331,300.3868751260969,-0.00858163833618164,270.65484619140625,270.6392822265625
1,1,40,4,1e-11,300.39545612865027,300.39125601450604,-0.0042001141442256085,270.65484619140625,270.6509094238281
1,7,20,0,1e-05,1095.4829596242596,1073.6248241547614,-21.858135469498166,716.50341796875,697.716064453125
1,7,20,0,1e-07,1095.4829628236832,1095.4509358559885,-0.03202696769471913,716.50341796875,716.4490966796875
1,7,20,0,1e-09,1095.482983250772,1095.788597968317,0.30561471754504055,716.5032958984375,716.7267456054688
1,7,20,0,1e-11,1095.4829859579763,1095.432922486336,-0.05006347164021463,716.50341796875,716.4541625976562
1,7,20,1,1e-05,1221.9743522361473,1197.3361555855229,-24.638196650624423,1086.645751953125,1048.0682373046875
1,7,20,1,1e-07,1221.974349975586,1217.6660294709382,-4.3083205046477815,1086.645751953125,1084.0155029296875
1,7,20,1,1e-09,1221.9743420636212,1221.4240225332755,-0.5503195303456323,1086.645751953125,1085.3843994140625
1,7,20,1,1e-11,1221.9743505407262,1221.9941988344547,0.01984829372850072,1086.645751953125,1086.6304931640625
1,7,20,2,1e-05,1243.4296112060547,1206.7829803466798,-36.64663085937491,1036.79638671875,1091.965087890625
1,7,20,2,1e-07,1243.4296020507813,1240.6031743367514,-2.8264277140299328,1036.796142578125,1040.0184326171875
1,7,20,2,1e-09,1243.4296040852864,1243.4339864095052,0.004382324218795475,1036.796142578125,1036.8662109375
1,7,20,2,1e-11,1243.4295888264974,1243.429653930664,6.510416665150842e-05,1036.79638671875,1036.7978515625
1,7,20,3,1e-05,1643.9876146316528,1699.0492266902218,55.061612058568926,1031.119384765625,1051.720458984375
1,7,20,3,1e-07,1643.987618552314,1640.0593982272678,-3.9282203250461407,1031.119384765625,1031.128173828125
1,7,20,3,1e-09,1643.9876124064128,1643.6932802200317,-0.2943321863810979,1031.119384765625,1030.880615234375
1,7,20,3,1e-11,1643.9876170688206,1644.0865281422932,0.0989110734726637,1031.119384765625,1031.2054443359375
1,7,20,4,1e-05,874.3739003827495,697.0566467285156,-177.31725365423392,821.6822509765625,867.8549194335938
1,7,20,4,1e-07,874.3739069046512,874.7556674095893,0.38176050493802904,821.6822509765625,821.8949584960938
1,7,20,4,1e-09,874.373896691107,874.7401627571352,0.36626606602817446,821.6822509765625,822.0899658203125
1,7,20,4,1e-11,874.3738923841908,874.407360199959,0.033467815768290166,821.6822509765625,821.7234497070312
1,7,40,0,1e-05,1821.4843266805012,1761.618278503418,-59.86604817708326,1241.054443359375,1181.3111572265625
1,7,40,0,1e-07,1821.4843353998094,1819.2689931960333,-2.2153422037761175,1241.054443359375,1242.60302734375
1,7,40,0,1e-09,1821.4843353998094,1820.9056788853236,-0.5786565144858287,1241.054443359375,1241.1444091796875
1,7,40,0,1e-11,1821.4843353998094,1821.451692127046,-0.03264327276338008,1241.054443359375,1241.0562744140625
1,7,40,1,1e-05,1224.3913516509226,1203.0734249220955,-21.31792672882716,908.0845947265625,881.8729248046875
1,7,40,1,1e-07,1224.3913581065642,1217.1208280905698,-7.270530015994382,908.0845947265625,899.6490478515625
1,7,40,1,1e-09,1224.3913500859187,1224.2391414295544,-0.152208656364337,908.0845947265625,908.5
1,7,40,1,1e-11,1224.3913586934407,1224.4312078035796,0.03984911013890269,908.0845947265625,908.1103515625
1,7,40,2,1e-05,1745.5303319295247,1841.7656004769462,96.23526854742158,1402.9637451171875,1553.7335205078125
1,7,40,2,1e-07,1745.53031539917,1742.5251918974377,-3.005123501732214,1402.9637451171875,1397.72265625
1,7,40,2,1e-09,1745.5303455534436,1744.1723621913366,-1.3579833621070065,1402.963623046875,1401.882080078125
1,7,40,2,1e-11,1745.5303163074311,1745.6643542335146,0.1340379260834652,1402.9637451171875,1403.083740234375
1,7,40,3,1e-05,1360.9466543486624,1397.081353187561,36.13469883889866,1286.78173828125,1253.69677734375
1,7,40,3,1e-07,1360.9466506495621,1407.1536152362823,46.20696458672023,1286.7818603515625,1286.876220703125
1,7,40,3,1e-09,1360.9466645211885,1360.7968091097746,-0.14985541141390968,1286.78173828125,1286.71826171875
1,7,40,3,1e-11,1360.9466566606002,1361.0206095377605,0.07395287716030907,1286.78173828125,1286.828857421875
1,7,40,4,1e-05,1726.8203265131735,1582.2719870174633,-144.54833949571025,1182.830810546875,1180.4423828125
1,7,40,4,1e-07,1726.8203227763274,1392.7663792201452,-334.0539435561823,1182.830810546875,1188.79150390625
1,7,40,4,1e-09,1726.8203134342116,1726.9039633614677,0.08364992725614684,1182.830810546875,1183.030517578125
1,7,40,4,1e-11,1726.8203177938656,1726.7859067332988,-0.034411060566753804,1182.830810546875,1182.78564453125
1,14,20,0,1e-05,2170.663130512944,2194.470270863286,23.807140350341797,1777.4505615234375,1807.174072265625
1,14,20,0,1e-07,2170.663135740492,2165.6615357575592,-5.00159998293293,1777.4505615234375,1771.2200927734375
1,14,20,0,1e-09,2170.663142239606,2169.9588065677217,-0.7043356718841096,1777.4505615234375,1776.583251953125
1,14,20,0,1e-11,2170.663128817523,2170.528408545035,-0.13472027248826635,1777.4505615234375,1777.3460693359375
1,14,20,1,1e-05,2742.03895677839,2692.565088759374,-49.47386801901621,2576.473388671875,2451.03759765625
1,14,20,1,1e-07,2742.0389731270925,2720.9743404636133,-21.064632663479188,2576.473388671875,2582.29296875
1,14,20,1,1e-09,2742.038937159947,2741.4472776140487,-0.5916595458984375,2576.473388671875,2575.182373046875
1,14,20,1,1e-11,2742.038965497698,2742.1452582223073,0.106292724609375,2576.473388671875,2576.3251953125
1,14,20,2,1e-05,2926.521235656738,3034.2648100535075,107.74357439676942,1936.4171142578125,2035.32177734375
1,14,20,2,1e-07,2926.52125193278,2907.4882715861004,-19.03298034667978,1936.4171142578125,1924.8292236328125
1,14,20,2,1e-09,2926.5212560017903,2925.9082906087237,-0.6129653930665881,1936.4171142578125,1935.6014404296875
1,14,20,2,1e-11,2926.521236673991,2926.5604044596353,0.03916778564416745,1936.4171142578125,1936.447509765625
1,14,20,3,1e-05,3250.4364807128904,2351.433177947998,-899.0033027648924,2340.936767578125,2150.527099609375
1,14,20,3,1e-07,3250.4364807128904,3096.9354214138457,-153.50105929904475,2340.936767578125,2321.7080078125
1,14,20,3,1e-09,3250.4364786783854,3249.755913289388,-0.6805653889973655,2340.936767578125,2340.06005859375
1,14,20,3,1e-11,3250.436482747396,3250.4302734375,-0.006209309895893966,2340.936767578125,2340.93896484375
1,14,20,4,1e-05,2882.6725463867188,2581.180943757585,-301.4916026291339,2235.2109375,2377.5546875
1,14,20,4,1e-07,2882.6725420270645,2893.2612359183177,10.588693891253115,2235.2109375,2250.939453125
1,14,20,4,1e-09,2882.672537667411,2881.2844619750977,-1.388075692313123,2235.2109375,2233.376220703125
1,14,20,4,1e-11,2882.672576904297,2882.682016645159,0.00943974086203525,2235.2109375,2235.110107421875
1,14,40,0,1e-05,2498.0532815115794,2931.7854811724496,433.73219966087026,2511.505126953125,2807.5
1,14,40,0,1e-07,2498.0532902308873,2509.290261404855,11.236971173967504,2511.505126953125,2511.683837890625
1,14,40,0,1e-09,2498.053237915039,2500.892839704241,2.839601789201879,2511.505126953125,2514.813232421875
1,14,40,0,1e-11,2498.0532509940012,2497.9652884347097,-0.0879625592915545,2511.50537109375,2511.58935546875
1,14,40,1,1e-05,2690.161191813151,2720.2027587890625,30.041566975911337,2183.782470703125,2051.865478515625
1,14,40,1,1e-07,2690.1612202962237,2683.8496704101562,-6.311549886067496,2183.782470703125,2173.08447265625
1,14,40,1,1e-09,2690.1612230088977,2690.6642276340062,0.5030046251085878,2183.782470703125,2183.81005859375
1,14,40,1,1e-11,2690.1612141927085,2690.2471991644966,0.08598497178809339,2183.782470703125,2184.023193359375
1,14,40,2,1e-05,3088.835713169031,3244.0821032714844,155.24639010245346,3349.810791015625,3551.083251953125
1,14,40,2,1e-07,3088.835704602693,2854.297603831572,-234.5381007711212,3349.81103515625,3421.404052734375
1,14,40,2,1e-09,3088.8357292309142,3091.589375278406,2.7536460474916566,3349.8115234375,3353.469482421875
1,14,40,2,1e-11,3088.8357560007194,3088.8131804884524,-0.022575512266939768,3349.810546875,3349.89794921875
1,14,40,3,1e-05,3478.8422338867185,2942.109799395551,-536.7324344911676,2868.4345703125,2718.998046875
1,14,40,3,1e-07,3478.842235107422,3450.8210748291017,-28.021160278320167,2868.434814453125,2838.797607421875
1,14,40,3,1e-09,3478.8422509765624,3477.250757446289,-1.5914935302735103,2868.4345703125,2864.97314453125
1,14,40,3,1e-11,3478.842236328125,3479.0708581542967,0.22862182617154758,2868.4345703125,2868.700927734375
1,14,40,4,1e-05,3057.71149668974,2882.7450312564247,-174.96646543331553,2666.337646484375,2731.795166015625
1,14,40,4,1e-07,3057.7115110509535,3045.3456519631777,-12.365859087775789,2666.336669921875,2650.471435546875
1,14,40,4,1e-09,3057.7115290024703,3055.970614264993,-1.7409147374773966,2666.336669921875,2664.93017578125
1,14,40,4,1e-11,3057.711503870347,3057.6256166345934,-0.08588723575348922,2666.336669921875,2666.209716796875
1,20,20,0,1e-05,3958.588048864294,3934.3962933575667,-24.191755506727077,2608.621337890625,2607.783447265625
1,20,20,0,1e-07,3958.588038691768,3930.766439932364,-27.82159875940397,2608.621337890625,2591.652099609375
1,20,20,0,1e-09,3958.5880579065392,3955.8752170138887,-2.712840892650547,2608.621337890625,2606.109619140625
1,20,20,0,1e-11,3958.5880612973815,3958.244440149378,-0.3436211480034217,2608.621337890625,2608.215576171875
1,20,20,1,1e-05,4911.706069946289,4314.740208501401,-596.9658614448881,3691.514404296875,3608.9521484375
1,20,20,1,1e-07,4911.706097073025,4883.086074829102,-28.620022243923813,3691.514404296875,3671.3974609375
1,20,20,1,1e-09,4911.706107245551,4909.823735555013,-1.8823716905380934,3691.51416015625,3689.076416015625
1,20,20,1,1e-11,4911.706085770218,4911.629178647642,-0.07690712257590349,3691.514404296875,3691.444580078125
1,20,20,2,1e-05,4382.580464330213,3183.0736310351026,-1199.50683329511,3218.43359375,3031.5908203125
1,20,20,2,1e-07,4382.580458016231,4378.389150685278,-4.19130733095335,3218.43359375,3205.939697265625
1,20,20,2,1e-09,4382.580447492928,4384.013479298559,1.4330318056308897,3218.43359375,3218.1591796875
1,20,20,2,1e-11,4382.58045275458,4382.599511508284,0.019058753704484843,3218.43359375,3218.39111328125
1,20,20,3,1e-05,4157.381536395733,4597.494455698374,440.1129193026409,4020.003173828125,3828.850341796875
1,20,20,3,1e-07,4157.381532639723,4055.5469190253584,-101.83461361436503,4020.003173828125,3930.056640625
1,20,20,3,1e-09,4157.381542029748,4160.845787165716,3.464245135967758,4020.003173828125,4024.435791015625
1,20,20,3,1e-11,4157.381543438251,4157.1891282301685,-0.19241520808282075,4020.003173828125,4019.745849609375
1,20,20,4,1e-05,4580.691095316185,3828.5603659152985,-752.1307294008866,3828.084228515625,3992.80078125
1,20,20,4,1e-07,4580.691087254938,4595.476446763524,14.785359508586225,3828.084228515625,3844.407470703125
1,20,20,4,1e-09,4580.691084951724,4580.549135028191,-0.14194992353350244,3828.084228515625,3828.720947265625
1,20,20,4,1e-11,4580.691101650022,4580.429641435731,-0.2614602142903095,3828.084228515625,3827.856689453125
1,20,40,0,1e-05,6089.617008332283,5571.398955078125,-518.2180532541579,5539.05810546875,5092.7021484375
1,20,40,0,1e-07,6089.616981752457,6113.445224609375,23.828242856918223,5539.05810546875,5626.71923828125
1,20,40,0,1e-09,6089.616966985887,6082.156569942351,-7.460397043536432,5539.0576171875,5529.5146484375
1,20,40,0,1e-11,6089.616972892515,6089.533154887537,-0.08381800497772929,5539.05810546875,5539.08349609375
1,20,40,1,1e-05,5366.989162021213,5808.844747690054,441.85558566884083,4791.9765625,4709.4716796875
1,20,40,1,1e-07,5366.989177280002,5328.763225979275,-38.22595130072659,4791.9765625,4756.5859375
1,20,40,1,1e-09,5366.989192538791,5368.410257975261,1.4210654364696893,4791.9765625,4794.6396484375
1,20,40,1,1e-11,5366.9891671074765,5366.250967237685,-0.7381998697919698,4791.9765625,4791.31689453125
1,20,40,2,1e-05,3627.532917695887,3762.0699559653676,134.5370382694805,4080.188232421875,4090.043212890625
1,20,40,2,1e-07,3627.5329464183133,3610.555082433364,-16.97786398494918,4080.188232421875,4075.423583984375
1,20,40,2,1e-09,3627.53297514074,3625.5301046932445,-2.0028704474952974,4080.188232421875,4079.8271484375
1,20,40,2,1e-11,3627.5329823213465,3627.401778277229,-0.1312040441175668,4080.188232421875,4079.721923828125
1,20,40,3,1e-05,6180.584870990954,6631.211813534007,450.6269425430528,5484.57958984375,6085.84521484375
1,20,40,3,1e-07,6180.58486055073,6340.865210140452,160.2803495897224,5484.57958984375,5575.3896484375
1,20,40,3,1e-09,6180.584864566201,6183.356928775185,2.772064208984375,5484.57958984375,5486.9853515625
1,20,40,3,1e-11,6180.584878218801,6180.360703317742,-0.22417490105908655,5484.57958984375,5484.412109375
1,20,40,4,1e-05,4813.801527454007,4511.310717414407,-302.49081003959964,3368.350830078125,3174.37158203125
1,20,40,4,1e-07,4813.801525485131,4790.828215568296,-22.973309916834296,3368.350830078125,3359.36279296875
1,20,40,4,1e-09,4813.801474294355,4816.663471837198,2.8619975428428006,3368.350830078125,3371.760986328125
1,20,40,4,1e-11,4813.801490045363,4814.426125803301,0.6246357579384494,3368.350830078125,3368.97314453125
2,1,20,0,1e-05,1628.472288091132,1534.0295287645781,-94.44275932655387,1234.756103515625,1228.3472900390625
2,1,20,0,1e-07,1628.472288091132,1423.1300422326842,-205.34224585844777,1234.756103515625,1233.1231689453125
2,1,20,0,1e-09,1628.4722814357026,1628.5360146380485,0.06373320234592939,1234.756103515625,1234.68115234375
2,1,20,0,1e-11,1628.4722790007895,1628.5100693398333,0.03779033904379503,1234.756103515625,1234.7813720703125
2,1,20,1,1e-05,1570.9483951568604,1558.4527559916178,-12.495639165242665,1244.5101318359375,1230.192626953125
2,1,20,1,1e-07,1570.94839108785,1571.6847779591878,0.7363868713377997,1244.5101318359375,1244.3636474609375
2,1,20,1,1e-09,1570.9483890533447,1571.2783555348715,0.32996648152675334,1244.5101318359375,1244.6041259765625
2,1,20,1,1e-11,1570.9483971913655,1570.9687555948892,0.02035840352368723,1244.5101318359375,1244.5228271484375
2,1,20,2,1e-05,1637.9496806047964,1631.2121048526487,-6.737575752147677,1198.8111572265625,1194.5013427734375
2,1,20,2,1e-07,1637.9496801625128,1638.9848019696665,1.0351218071537005,1198.8111572265625,1199.5765380859375
2,1,20,2,1e-09,1637.9496819316478,1637.9699522930644,0.020270361416578453,1198.8111572265625,1198.874267578125
2,1,20,2,1e-11,1637.9496801625128,1637.937092324962,-0.012587837550881886,1198.8111572265625,1198.808349609375
2,1,20,3,1e-05,2386.8178540743315,1883.9664415879683,-502.8514124863632,1262.5361328125,1258.00439453125
2,1,20,3,1e-07,2386.8178540743315,2386.645660987267,-0.1721930870644428,1262.5361328125,1262.5889892578125
2,1,20,3,1e-09,2386.8178587693433,2386.25164442796,-0.5662143413833292,1262.5361328125,1262.3948974609375
2,1,20,3,1e-11,2386.8178634643555,2386.838025019719,0.020161555363756634,1262.5361328125,1262.5318603515625
2,1,20,4,1e-05,1598.4076443078384,1601.0831107373508,2.6754664295124257,1262.2353515625,1264.7296142578125
2,1,20,4,1e-07,1598.4076443078384,1599.8203100528358,1.4126657449974118,1262.2353515625,1262.142822265625
2,1,20,4,1e-09,1598.40764805056,1598.187082110711,-0.22056593984916617,1262.2353515625,1262.0777587890625
2,1,20,4,1e-11,1598.4076477626584,1598.4137134192124,0.006065656554028465,1262.2353515625,1262.2344970703125
2,1,40,0,1e-05,1352.3700884305513,1437.7230072021484,85.35291877159716,1242.30224609375,1241.0645751953125
2,1,40,0,1e-07,1352.3700896043044,1771.880038174716,419.50994857041155,1242.30224609375,1242.7371826171875
2,1,40,0,1e-09,1352.3700887239897,1774.9806074662642,422.6105187422745,1242.30224609375,1242.4571533203125
2,1,40,0,1e-11,1352.370089017428,1352.3549923529993,-0.015096664428710938,1242.30224609375,1242.2923583984375
2,1,40,1,1e-05,1357.2658497946602,1440.6940950393678,83.42824524470757,1313.764892578125,1315.2017822265625
2,1,40,1,1e-07,1357.265849522182,1404.771997368854,47.50614784667209,1313.764892578125,1313.8291015625
2,1,40,1,1e-09,1357.265849522182,1357.1805759157453,-0.08527360643665816,1313.764892578125,1313.809326171875
2,1,40,1,1e-11,1357.2658473423548,1357.2619198390416,-0.003927503313207126,1313.764892578125,1313.7596435546875
2,1,40,2,1e-05,1532.2394051429553,1539.3055324554443,7.066127312489016,1316.9068603515625,1331.0982666015625
2,1,40,2,1e-07,1532.2394051429553,1533.775528932229,1.536123789273688,1316.9068603515625,1316.5965576171875
2,1,40,2,1e-09,1532.2394043604534,1532.486119624896,0.2467152644426278,1316.9068603515625,1316.895263671875
2,1,40,2,1e-11,1532.2394050940488,1532.211551238329,-0.02785385571974075,1316.9068603515625,1316.9002685546875
2,1,40,3,1e-05,1382.397284074263,1350.8017947387696,-31.59548933549354,1277.7969970703125,1277.404052734375
2,1,40,3,1e-07,1382.397284074263,1382.0640993985262,-0.33318467573690214,1277.7969970703125,1277.0771484375
2,1,40,3,1e-09,1382.397284074263,1382.356237931685,-0.041046142578125,1277.7969970703125,1277.8125
2,1,40,3,1e-11,1382.397284074263,1382.3931485956366,-0.00413547862649466,1277.7969970703125,1277.79248046875
2,1,40,4,1e-05,1538.503851056099,1407.0223190307618,-131.48153202533717,1293.9525146484375,1293.8902587890625
2,1,40,4,1e-07,1538.5038509368896,1537.5468125343323,-0.957038402557373,1293.9525146484375,1292.719970703125
2,1,40,4,1e-09,1538.5038488705952,1538.5721329847972,0.06828411420201519,1293.9525146484375,1293.9822998046875
2,1,40,4,1e-11,1538.5038510163624,1538.490291039149,-0.013559977213390084,1293.9525146484375,1293.955810546875
2,7,20,0,1e-05,3245.8415216516564,3304.756200908143,58.91467925648658,3463.72705078125,3525.06494140625
2,7,20,0,1e-07,3245.8414964087215,3242.7128859154973,-3.128610493224187,3463.72705078125,3461.370849609375
2,7,20,0,1e-09,3245.8415031904055,3245.1872616991586,-0.6542414912469212,3463.72705078125,3463.0947265625
2,7,20,0,1e-11,3245.8414932062597,3245.90236070421,0.0608674979503121,3463.72705078125,3463.820068359375
2,7,20,1,1e-05,3816.274101257324,4534.337140954059,718.0630396967344,3148.7490234375,3112.1005859375
2,7,20,1,1e-07,3816.274090576172,3821.427085494995,5.152994918822969,3148.7490234375,3152.685791015625
2,7,20,1,1e-09,3816.2740936279297,3815.6277545928956,-0.6463390350340887,3148.7490234375,3148.062744140625
2,7,20,1,1e-11,3816.2740951538085,3816.287124633789,0.0130294799805597,3148.7490234375,3148.722412109375
2,7,20,2,1e-05,6011.140844617571,5896.929384504046,-114.21146011352539,3660.505859375,3642.685546875
2,7,20,2,1e-07,6011.140855516706,6027.068011692592,15.927156175886012,3660.505859375,3664.01953125
2,7,20,2,1e-09,6011.140853336879,6012.228473118374,1.0876197814941406,3660.505859375,3661.073486328125
2,7,20,2,1e-11,6011.140851157053,6011.22085244315,0.08000128609728563,3660.505859375,3660.58056640625
2,7,20,3,1e-05,6806.618225922456,6299.990823708328,-506.62740221412787,4251.74755859375,4377.876953125
2,7,20,3,1e-07,6806.618221798459,6810.375960066512,3.75773826805289,4251.74755859375,4250.23046875
2,7,20,3,1e-09,6806.6182300464525,6808.024117959512,1.4058879130598143,4251.74755859375,4252.60400390625
2,7,20,3,1e-11,6806.61821932406,6806.184764965161,-0.4334543588993256,4251.74755859375,4251.525390625
2,7,20,4,1e-05,6381.935959449182,4639.589058856574,-1742.3469005926072,4490.52685546875,4589.818359375
2,7,20,4,1e-07,6381.936020484338,4543.846001675254,-1838.0900188090836,4490.52685546875,4480.38037109375
2,7,20,4,1e-09,6381.936022831844,6383.834802480845,1.8987796490009714,4490.52685546875,4492.509765625
2,7,20,4,1e-11,6381.936007573055,6381.973079387958,0.037071814903356426,4490.52685546875,4490.61962890625
2,7,40,0,1e-05,6253.0189701960635,6079.119727501502,-173.8992426945615,3857.459716796875,3793.30126953125
2,7,40,0,1e-07,6253.018973717322,6235.076075040377,-17.942898676945333,3857.459716796875,3855.076904296875
2,7,40,0,1e-09,6253.018969022311,6257.013424213116,3.9944551908056383,3857.459716796875,3858.86572265625
2,7,40,0,1e-11,6253.0189701960635,6252.8190518892725,-0.1999183067910053,3857.459716796875,3857.34423828125
2,7,40,1,1e-05,4665.632107278575,5618.560291290283,952.9281840117083,3508.839111328125,3593.116943359375
2,7,40,1,1e-07,4665.632093346637,4668.54195437224,2.909861025603277,3508.839111328125,3504.51953125
2,7,40,1,1e-09,4665.63209135636,4665.705282460089,0.07319110372827708,3508.839111328125,3508.83544921875
2,7,40,1,1e-11,4665.632099980893,4665.594942175824,-0.03715780506900046,3508.839111328125,3508.866455078125
2,7,40,2,1e-05,5522.21861657431,5430.3978166339775,-91.82079994033211,4503.650390625,4526.232421875
2,7,40,2,1e-07,5522.218623671421,5525.8457222872,3.627098615779687,4503.650390625,4497.39111328125
2,7,40,2,1e-09,5522.218622251999,5520.768939350926,-1.449682901072265,4503.650390625,4502.20556640625
2,7,40,2,1e-11,5522.218606638354,5522.356087618096,0.1374809797425769,4503.650390625,4503.6845703125
2,7,40,3,1e-05,5600.24109375,5619.7206201171875,19.479526367187646,4244.6826171875,4211.4453125
2,7,40,3,1e-07,5600.241103515625,5597.269462890625,-2.9716406249999636,4244.6826171875,4249.884765625
2,7,40,3,1e-09,5600.2410815429685,5598.073234863281,-2.1678466796875,4244.6826171875,4243.30908203125
2,7,40,3,1e-11,5600.24109375,5600.355402832031,0.11430908203146828,4244.6826171875,4244.7548828125
2,7,40,4,1e-05,4717.017561519847,4581.699841156006,-135.31772036384064,4879.16162109375,4763.69580078125
2,7,40,4,1e-07,4717.0175471586335,4707.535554773667,-9.481992384966361,4879.16162109375,4871.29345703125
2,7,40,4,1e-09,4717.017559724695,4718.031252692727,1.0136929680320463,4879.16162109375,4880.3662109375
2,7,40,4,1e-11,4717.0175471586335,4717.052679174087,0.03513201545320044,4879.16162109375,4879.19921875
2,14,20,0,1e-05,6956.585342622139,7452.838651686448,496.2533090643092,6844.2138671875,7093.42333984375
2,14,20,0,1e-07,6956.585337464238,6958.845728914503,2.260391450264251,6844.2138671875,6843.60205078125
2,14,20,0,1e-09,6956.585347780039,6961.551585882482,4.9662381024427305,6844.2138671875,6847.87890625
2,14,20,0,1e-11,6956.5853460607395,6956.610172755281,0.024826694541843608,6844.2138671875,6844.19189453125
2,14,20,1,1e-05,8767.806007179053,8659.351837983002,-108.45416919605123,6959.6083984375,6777.62744140625
2,14,20,1,1e-07,8767.80601212785,8763.457290237015,-4.3487218908358045,6959.6083984375,6954.5244140625
2,14,20,1,1e-09,8767.806003879856,8769.595280827703,1.7892769478476112,6959.6083984375,6960.38818359375
2,14,20,1,1e-11,8767.805954391892,8767.992778056378,0.18682366448592802,6959.6083984375,6959.78173828125
2,14,20,2,1e-05,10360.260344561408,9557.810425398085,-802.4499191633222,7170.5380859375,7211.5
2,14,20,2,1e-07,10360.260287116556,10370.089228910558,9.828941794001366,7170.5380859375,7176.7802734375
2,14,20,2,1e-09,10360.260343663833,10363.48311480354,3.2227711397063104,7170.5380859375,7172.88720703125
2,14,20,2,1e-11,10360.260349049287,10360.080876967486,-0.1794720818015776,7170.5380859375,7170.37841796875
2,14,20,3,1e-05,9291.902569110576,8577.45388246932,-714.4486866412553,7128.1904296875,7216.37744140625
2,14,20,3,1e-07,9291.90253155048,7359.596041624573,-1932.306489925907,7128.1904296875,7112.66552734375
2,14,20,3,1e-09,9291.90253155048,9295.756249060998,3.8537175105175265,7128.1904296875,7131.32373046875
2,14,20,3,1e-11,9291.90253155048,9291.876690204326,-0.02584134615426592,7128.1904296875,7128.21142578125
2,14,20,4,1e-05,7287.408144906851,7615.582571483794,328.174426576943,6369.3203125,6195.32275390625
2,14,20,4,1e-07,7287.408121431791,7262.218145751953,-25.189975679838426,6369.3203125,6357.509765625
2,14,20,4,1e-09,7287.408112980769,7289.710939612755,2.302826631986136,6369.3203125,6371.03076171875
2,14,20,4,1e-11,7287.408127065805,7287.6328988882215,0.2247718224161872,6369.3203125,6369.54345703125
2,14,40,0,1e-05,9482.060724894205,9796.979506272535,314.9187813783301,7460.7783203125,7849.0185546875
2,14,40,0,1e-07,9482.060745239258,9504.478637695312,22.417892456054688,7460.7783203125,7461.78076171875
2,14,40,0,1e-09,9482.060719807943,9484.981562296549,2.920842488605558,7460.7783203125,7460.82568359375
2,14,40,0,1e-11,9482.060724894205,9481.659123738607,-0.4016011555977457,7460.7783203125,7460.6044921875
2,14,40,1,1e-05,8431.4426894415,8373.585789271763,-57.856900169736036,7963.42431640625,7784.248046875
2,14,40,1,1e-07,8431.442696707589,8442.570701962426,11.128005254837262,7963.42431640625,7997.76953125
2,14,40,1,1e-09,8431.44274757022,8435.336408342633,3.8936607724135683,7963.42431640625,7966.3359375
2,14,40,1,1e-11,8431.442735944476,8431.510121663412,0.06738571893583867,7963.42431640625,7963.603515625
2,14,40,2,1e-05,5880.7562974499115,10412.172563032671,4531.4162655827595,6305.33740234375,6305.5185546875
2,14,40,2,1e-07,5880.756260533487,5872.252688500189,-8.503572033298042,6305.33740234375,6292.33447265625
2,14,40,2,1e-09,5880.756284159998,5877.928334389963,-2.8279497700350475,6305.33740234375,6303.88330078125
2,14,40,2,1e-11,5880.75629351216,5880.556260631931,-0.20003288022871857,6305.33740234375,6305.06298828125
2,14,40,3,1e-05,7685.543077046892,7666.655685157107,-18.88739188978525,7248.4814453125,7263.8984375
2,14,40,3,1e-07,7685.5430576020635,7660.900316626625,-24.642740975438755,7248.4814453125,7216.67822265625
2,14,40,3,1e-09,7685.543073265953,7686.9774329261445,1.4343596601911486,7248.4814453125,7249.93359375
2,14,40,3,1e-11,7685.5430662442095,7685.541914408186,-0.0011518360233822023,7248.4814453125,7248.4990234375
2,14,40,4,1e-05,7145.971536865234,6916.8056640625,-229.16587280273416,6884.86279296875,6770.75830078125
2,14,40,4,1e-07,7145.971539306641,7123.755871582031,-22.215667724609375,6884.86279296875,6854.2744140625
2,14,40,4,1e-09,7145.9715185546875,7142.302515869141,-3.6690026855467295,6884.86279296875,6881.4990234375
2,14,40,4,1e-11,7145.97158203125,7146.147891845703,0.17630981445290672,6884.86279296875,6885.01806640625
2,20,20,0,1e-05,11017.01977423902,10395.427939077525,-621.5918351614946,9470.3505859375,9190.78125
2,20,20,0,1e-07,11017.019773087412,11019.086656102594,2.0668830151826114,9470.3505859375,9469.8857421875
2,20,20,0,1e-09,11017.019775390625,11016.395590728183,-0.6241846624416212,9470.3505859375,9468.3232421875
2,20,20,0,1e-11,11017.019756964917,11017.181960771668,0.1622038067507674,9470.3505859375,9470.482421875
2,20,20,1,1e-05,10760.900834655762,10916.011115264893,155.11028060913122,11227.1005859375,11319.1796875
2,20,20,1,1e-07,10760.900819396973,10787.716449737549,26.815630340575808,11227.0986328125,11247.7490234375
2,20,20,1,1e-09,10760.900848388672,10761.99680557251,1.0959571838375268,11227.1005859375,11227.5087890625
2,20,20,1,1e-11,10760.90079650879,10760.435188293457,-0.46560821533239505,11227.1005859375,11226.6630859375
2,20,20,2,1e-05,10267.170851967552,10669.09254247492,401.9216905073681,10629.67578125,11016.806640625
2,20,20,2,1e-07,10267.170845725319,10234.753359707918,-32.41748601740073,10629.67578125,10599.7060546875
2,20,20,2,1e-09,10267.170842257414,10268.657542142,1.4866998845864146,10629.67578125,10630.5322265625
2,20,20,2,1e-11,10267.170848499645,10267.237015464088,0.06616696444325498,10629.67578125,10629.7138671875
2,20,20,3,1e-05,8847.779866027831,9145.204982114641,297.4251160868098,8729.1396484375,8844.3603515625
2,20,20,3,1e-07,8847.779873657226,8871.002390670776,23.222517013549805,8729.140625,8747.83984375
2,20,20,3,1e-09,8847.779872894287,8845.753239822388,-2.0266330718986865,8729.1396484375,8726.4736328125
2,20,20,3,1e-11,8847.779875183105,8848.004172134399,0.22429695129358151,8729.1396484375,8729.4658203125
2,20,20,4,1e-05,9379.921705099252,11585.446722066627,2205.5250169673745,9609.189453125,9594.9462890625
2,20,20,4,1e-07,9379.921732095572,9358.980484302227,-20.94124779334561,9609.189453125,9584.8447265625
2,20,20,4,1e-09,9379.921719184289,9376.626033489521,-3.2956856947675988,9609.189453125,9605.4970703125
2,20,20,4,1e-11,9379.921712141771,9380.003555297852,0.08184315608014003,9609.1865234375,9609.13671875
2,20,40,0,1e-05,10126.854409468802,11039.712939613744,912.858530144942,9926.33984375,10741.4892578125
2,20,40,0,1e-07,10126.854448820415,10474.98541062878,348.1309618083651,9926.33984375,9920.2919921875
2,20,40,0,1e-09,10126.854443198756,10131.366063168174,4.5116199694184616,9926.33984375,9928.0625
2,20,40,0,1e-11,10126.854419105932,10126.386188707853,-0.4682303980789584,9926.33984375,9926.048828125
2,20,40,1,1e-05,9296.333311803133,10776.227193471548,1479.893881668415,8471.41796875,8334.8935546875
2,20,40,1,1e-07,9296.333302321944,9289.095158845475,-7.2381434764683945,8471.41796875,8469.43359375
2,20,40,1,1e-09,9296.333374616011,9294.145902170718,-2.187472445293679,8471.41796875,8469.3212890625
2,20,40,1,1e-11,9296.333319506599,9296.66318311969,0.32986361309122003,8471.41796875,8471.7548828125
2,20,40,2,1e-05,13160.390617772153,14151.746094923754,991.355477151601,12387.9677734375,12939.7041015625
2,20,40,2,1e-07,13160.390613756681,13326.140664236886,165.75005048020466,12387.9677734375,12384.763671875
2,20,40,2,1e-09,13160.390592876234,13165.207458094546,4.816865218312159,12387.9677734375,12389.10546875
2,20,40,2,1e-11,13160.390617772153,13159.071470561781,-1.3191472103717388,12387.9677734375,12386.9765625
2,20,40,3,1e-05,10902.927495912065,11348.003955659413,445.07645974734805,10874.4951171875,11439.7451171875
2,20,40,3,1e-07,10902.927548430687,10955.058082757994,52.13053432730703,10874.4951171875,10897.3720703125
2,20,40,3,1e-09,10902.92751294513,10908.931546943133,6.004033998002342,10874.4951171875,10878.01953125
2,20,40,3,1e-11,10902.927495912065,10903.77415998592,0.8466640738552087,10874.4951171875,10875.078125
2,20,40,4,1e-05,15555.910283406576,11475.994744599755,-4079.915538806821,9619.025390625,10028.25
2,20,40,4,1e-07,15555.910293579102,10668.347094084087,-4887.5631994950145,9619.025390625,9610.955078125
2,20,40,4,1e-09,15555.910283406576,10803.335205078125,-4752.575078328451,9619.025390625,9623.123046875
2,20,40,4,1e-11,15555.91037495931,15556.36368306478,0.45330810546875,9619.025390625,9619.24609375
3,1,20,0,1e-05,5313.869028506072,4685.890288352966,-627.9787401531057,3376.57080078125,3369.689453125
3,1,20,0,1e-07,5313.869024525518,5318.311993806258,4.442969280739817,3376.57080078125,3379.434326171875
3,1,20,0,1e-09,5313.869021871816,5314.420888154403,0.5518662825870706,3376.57080078125,3376.9736328125
3,1,20,0,1e-11,5313.86902717922,5313.884101535963,0.01507435674284352,3376.57080078125,3376.57373046875
3,1,20,1,1e-05,5096.344505004883,5134.135538330078,37.7910333251948,3270.705078125,3280.332275390625
3,1,20,1,1e-07,5096.3444866943355,5103.614400024414,7.269913330078452,3270.705078125,3273.996337890625
3,1,20,1,1e-09,5096.344505004883,5097.09582824707,0.7513232421870271,3270.705078125,3271.14013671875
3,1,20,1,1e-11,5096.344485473633,5096.349147949219,0.00466247558597388,3270.705078125,3270.703125
3,1,20,2,1e-05,3628.209199479483,3638.1806323597734,9.97143288029065,3329.85791015625,3359.43994140625
3,1,20,2,1e-07,3628.20919977577,3637.119240177488,8.910040401718106,3329.85791015625,3333.85693359375
3,1,20,2,1e-09,3628.209213701267,3628.705516926293,0.49630322502616764,3329.85791015625,3330.25390625
3,1,20,2,1e-11,3628.2092131086924,3628.210130710046,0.0009176013536489336,3329.85791015625,3329.852294921875
3,1,20,3,1e-05,4234.8725825718475,4007.7301949165962,-227.14238765525124,3332.4658203125,3263.60595703125
3,1,20,3,1e-07,4234.8725989205495,4236.4505696977885,1.5779707772389884,3332.4658203125,3331.70361328125
3,1,20,3,1e-09,4234.872604370117,4235.284287588937,0.41168321882014425,3332.466064453125,3332.7626953125
3,1,20,3,1e-11,4234.872590201242,4234.848187037876,-0.024403163365604996,3332.4658203125,3332.46435546875
3,1,20,4,1e-05,3958.436636888344,3983.767597577044,25.330960688700088,3481.0869140625,3516.243408203125
3,1,20,4,1e-07,3958.4366490021916,3949.886783978411,-8.549865023780512,3481.0869140625,3475.466064453125
3,1,20,4,1e-09,3958.436641780475,3958.2700032241473,-0.16663855632759805,3481.0869140625,3480.791015625
3,1,20,4,1e-11,3958.4366396838473,3958.463882795727,0.027243111879670323,3481.0869140625,3481.103515625
3,1,40,0,1e-05,4413.431980428442,4429.578811375441,16.146830946998307,3575.3837890625,3588.08154296875
3,1,40,0,1e-07,4413.431996083893,4411.312736760198,-2.1192593236946777,3575.3837890625,3574.8173828125
3,1,40,0,1e-09,4413.431983120674,4413.162591710555,-0.26939141011916945,3575.3837890625,3575.31298828125
3,1,40,0,1e-11,4413.431996362399,4413.4244980432295,-0.007498319169826573,3575.3837890625,3575.393798828125
3,1,40,1,1e-05,4223.70687149982,4184.019025841538,-39.68784565828264,3503.720458984375,3517.201904296875
3,1,40,1,1e-07,4223.7068795963205,4224.685792884048,0.9789132877276643,3503.720458984375,3501.54541015625
3,1,40,1,1e-09,4223.706849701551,4224.415673080755,0.7088233792046594,3503.720458984375,3504.33447265625
3,1,40,1,1e-11,4223.706862157705,4223.735329141422,0.028466983717407857,3503.720458984375,3503.7431640625
3,1,40,2,1e-05,6186.452723911831,3851.3462742699517,-2335.106449641879,3388.769287109375,3339.801513671875
3,1,40,2,1e-07,6186.452723911831,6197.923270089285,11.470546177454708,3388.769287109375,3388.538330078125
3,1,40,2,1e-09,6186.452723911831,6186.948128836496,0.4954049246653085,3388.769287109375,3388.763427734375
3,1,40,2,1e-11,6186.452723911831,6186.495265415737,0.04254150390625,3388.769287109375,3388.79736328125
3,1,40,3,1e-05,3808.6497481908555,3915.5068603906875,106.85711219983205,3440.734130859375,3443.65380859375
3,1,40,3,1e-07,3808.6497106307593,3819.6419192583135,10.992208627554191,3440.733642578125,3450.147705078125
3,1,40,3,1e-09,3808.6497419308394,3807.816422682542,-0.8333192482973573,3440.733642578125,3440.56201171875
3,1,40,3,1e-11,3808.649752885867,3808.7116104517227,0.06185756585546187,3440.733642578125,3440.652587890625
3,1,40,4,1e-05,3743.490934714293,4603.997194643373,860.5062599290804,3361.80810546875,3346.835693359375
3,1,40,4,1e-07,3743.490940974309,3745.7007657564604,2.2098247821513723,3361.80810546875,3361.55029296875
3,1,40,4,1e-09,3743.490925324269,3742.747596545097,-0.7433287791718612,3361.80810546875,3361.6865234375
3,1,40,4,1e-11,3743.4909221942607,3743.5353049253804,0.044382731119640084,3361.80810546875,3361.7900390625
3,7,20,0,1e-05,10632.851976182727,10653.935358259412,21.083382076685666,9552.0390625,9430.4306640625
3,7,20,0,1e-07,10632.851947360568,10613.12951321072,-19.722434149847686,9552.0390625,9544.4658203125
3,7,20,0,1e-09,10632.851947360568,10636.048671298557,3.1967239379882812,9552.0390625,9554.2314453125
3,7,20,0,1e-11,10632.851962619357,10633.078383551703,0.22642093234571803,9552.0390625,9551.99609375
3,7,20,1,1e-05,11707.863018382679,11601.352781122381,-106.5102372602978,12772.1416015625,12633.0986328125
3,7,20,1,1e-07,11707.862985090776,11682.703934409401,-25.159050681375447,12772.1416015625,12750.427734375
3,7,20,1,1e-09,11707.863057223234,11708.305460843172,0.44240361993797706,12772.1396484375,12772.4775390625
3,7,20,1,1e-11,11707.863015608355,11707.967174183239,0.1041585748844227,12772.1416015625,12772.279296875
3,7,20,2,1e-05,9990.675120416088,10154.028336180261,163.353215764173,11297.970703125,11020.6435546875
3,7,20,2,1e-07,9990.675091894987,10003.013835015698,12.338743120710205,11297.970703125,11308.203125
3,7,20,2,1e-09,9990.675113571024,9992.462870089807,1.7877565187827713,11297.970703125,11300.2626953125
3,7,20,2,1e-11,9990.675104444272,9990.82592345621,0.15081901193843805,11297.970703125,11298.0634765625
3,7,20,3,1e-05,13871.726546953309,16298.467432657877,2426.7408857045684,11735.9462890625,11542.1337890625
3,7,20,3,1e-07,13871.726524496979,13872.226302812684,0.4997783157050435,11735.9462890625,11736.5263671875
3,7,20,3,1e-09,13871.726527951798,13870.413652528006,-1.3128754237914109,11735.9443359375,11735.50390625
3,7,20,3,1e-11,13871.726546953309,13872.00411008439,0.2775631310814788,11735.9462890625,11736.09765625
3,7,20,4,1e-05,11377.59992924443,13002.534098307291,1624.9341690628607,12644.2392578125,12472.826171875
3,7,20,4,1e-07,11377.599927549008,17051.978295898436,5674.378368349428,12644.2392578125,12656.2431640625
3,7,20,4,1e-09,11377.599932917843,11378.319884971335,0.7199520534923067,12644.2392578125,12645.044921875
3,7,20,4,1e-11,11377.599919354474,11377.30761662236,-0.29230273211396707,12644.2392578125,12643.8701171875
3,7,40,0,1e-05,10194.512715059169,11273.842625525689,1079.3299104665202,9660.3974609375,9552.8095703125
3,7,40,0,1e-07,10194.512711468866,10183.994637882008,-10.518073586858009,9660.3974609375,9661.8515625
3,7,40,0,1e-09,10194.512700697955,10195.612909653608,1.1002089556532155,9660.3974609375,9660.607421875
3,7,40,0,1e-11,10194.512680951288,10194.20463472254,-0.3080462287471164,9660.3974609375,9660.0791015625
3,7,40,1,1e-05,14354.450390625,13903.409296875,-451.0410937500001,12726.95703125,12498.4267578125
3,7,40,1,1e-07,14354.450385742188,14337.882104492188,-16.568281249999927,12726.95703125,12698.4765625
3,7,40,1,1e-09,14354.450390625,14356.286579589843,1.836188964844041,12726.95703125,12729.65625
3,7,40,1,1e-11,14354.450375976563,14354.17153076172,-0.2788452148433862,12726.95703125,12727.0234375
3,7,40,2,1e-05,11034.789518229167,9771.67448204442,-1263.1150361847467,9913.3505859375,10255.7001953125
3,7,40,2,1e-07,11034.789501953124,11051.343904622396,16.55440266927144,9913.3505859375,9908.505859375
3,7,40,2,1e-09,11034.789526367187,11038.24287109375,3.453344726562136,9913.3505859375,9913.72265625
3,7,40,2,1e-11,11034.789501953124,11034.943375651043,0.15387369791824312,9913.3505859375,9913.4541015625
3,7,40,3,1e-05,8594.300098063151,8711.381709012117,117.08161094896604,8569.1552734375,8496.173828125
3,7,40,3,1e-07,8594.300085042318,8601.473666585287,7.173581542969259,8569.15625,8567.6123046875
3,7,40,3,1e-09,8594.300111897786,8594.271431884765,-0.028680013021585182,8569.1552734375,8568.4306640625
3,7,40,3,1e-11,8594.300088297527,8594.385462239583,0.08537394205632154,8569.15625,8569.171875
3,7,40,4,1e-05,11307.802208310082,11712.645465669179,404.84325735909624,13054.4208984375,13352.19140625
3,7,40,4,1e-07,11307.80223882766,11340.058128720239,32.255889892578125,13054.419921875,13072.568359375
3,7,40,4,1e-09,11307.802218482608,11310.910967145648,3.1087486630403873,13054.4189453125,13053.84765625
3,7,40,4,1e-11,11307.8022097633,11307.99123273577,0.18902297247041133,13054.4208984375,13054.625
3,14,20,0,1e-05,32507.150355747766,18813.039947009478,-13694.110408738288,18029.625,18065.962890625
3,14,20,0,1e-07,32507.150355747766,32496.025948660714,-11.124407087052532,18029.625,18024.20703125
3,14,20,0,1e-09,32507.150355747766,32503.223667689734,-3.926688058032596,18029.62109375,18021.185546875
3,14,20,0,1e-11,32507.151471819197,32506.950439453125,-0.201032366072468,18029.62109375,18029.52734375
3,14,20,1,1e-05,26462.722880415484,26237.40050603693,-225.32237437855292,22556.0703125,22354.1484375
3,14,20,1,1e-07,26462.722887073865,26532.19423162287,69.47134454900515,22556.0703125,22605.13671875
3,14,20,1,1e-09,26462.722887073865,26452.690696022728,-10.032191051137488,22556.0703125,22546.623046875
3,14,20,1,1e-11,26462.722880415484,26462.715263227983,-0.007617187500727596,22556.0703125,22556.080078125
3,14,20,2,1e-05,23976.314038085937,22935.34006206806,-1040.9739760178782,20830.685546875,20313.806640625
3,14,20,2,1e-07,23976.3140234375,23982.2829296875,5.9689062500001455,20830.685546875,20820.00390625
3,14,20,2,1e-09,23976.314038085937,23981.468276367188,5.15423828125131,20830.685546875,20832.490234375
3,14,20,2,1e-11,23976.31388671875,23975.0640625,-1.249824218750291,20830.685546875,20829.861328125
3,14,20,3,1e-05,20775.25245177071,22421.947052001953,1646.6946002312434,18727.146484375,18637.71875
3,14,20,3,1e-07,20775.252396493586,20719.125679447967,-56.12671704561944,18727.146484375,18684.865234375
3,14,20,3,1e-09,20775.2523469745,20771.48009678103,-3.7722501934695174,18727.146484375,18724.267578125
3,14,20,3,1e-11,20775.252422980542,20774.588676020783,-0.6637469597590098,18727.146484375,18726.751953125
3,14,20,4,1e-05,17876.11197695525,16378.43481648763,-1497.6771604676196,14171.29296875,14275.623046875
3,14,20,4,1e-07,17876.11195705248,17947.521510912025,71.40955385954658,14171.29296875,14215.078125
3,14,20,4,1e-09,17876.111885402515,17876.777509606403,0.6656242038880009,14171.29296875,14171.474609375
3,14,20,4,1e-11,17876.111829674763,17875.954311204994,-0.15751846976854722,14171.29296875,14171.037109375
3,14,40,0,1e-05,27508.66413031684,18816.348243137574,-8692.315887179266,22234.8984375,22276.736328125
3,14,40,0,1e-07,27508.663913302953,27606.054022894965,97.39010959201187,22234.8984375,22246.728515625
3,14,40,0,1e-09,27508.664137098523,27515.631306966145,6.967169867621124,22234.8984375,22236.048828125
3,14,40,0,1e-11,27508.66424560547,27507.324998643664,-1.3392469618047471,22234.8984375,22234.474609375
3,14,40,1,1e-05,17008.408821105957,15610.09563773019,-1398.313183375767,17628.087890625,17496.171875
3,14,40,1,1e-07,17008.408865186902,17058.854042900934,50.44517771403116,17628.087890625,17682.669921875
3,14,40,1,1e-09,17008.408854166668,17002.37686496311,-6.031989203558624,17628.087890625,17623.181640625
3,14,40,1,1e-11,17008.408889770508,17008.782869974773,0.3739802042655356,17628.087890625,17628.22265625
3,14,40,2,1e-05,18958.763277994793,24539.661635335287,5580.898357340495,20945.08203125,22030.826171875
3,14,40,2,1e-07,18958.763295898436,18911.72376871745,-47.039527180986624,20945.083984375,20884.3515625
3,14,40,2,1e-09,18958.763297526042,18960.33277750651,1.5694799804696231,20945.083984375,20943.388671875
3,14,40,2,1e-11,18958.763274739584,18958.651333821614,-0.11194091797005967,20945.08203125,20945.115234375
3,14,40,3,1e-05,20400.014382256402,19426.360477528673,-973.6539047277292,21170.357421875,20889.087890625
3,14,40,3,1e-07,20400.014350043402,20411.59838189019,11.584031846789003,21170.357421875,21143.259765625
3,14,40,3,1e-09,20400.014572143555,20405.70034620497,5.685774061414122,21170.357421875,21174.427734375
3,14,40,3,1e-11,20400.01437547472,20400.791546291774,0.7771708170548663,21170.357421875,21170.984375
3,14,40,4,1e-05,22138.140935262043,22094.81006914898,-43.33086611306135,19634.984375,19565.68359375
3,14,40,4,1e-07,22138.140873209635,19785.621753323463,-2352.519119886172,19634.98828125,19667.3515625
3,14,40,4,1e-09,22138.14090270996,22126.817289733888,-11.323612976073491,19634.98828125,19625.716796875
3,14,40,4,1e-11,22138.140991210938,22137.81981709798,-0.32117411295621423,19634.98828125,19634.466796875
3,20,20,0,1e-05,25561.20971616109,38820.37371826172,13259.164002100628,27939.359375,28175.8671875
3,20,20,0,1e-07,25561.20971552531,25595.398967107136,34.189251581825374,27939.359375,27980.583984375
3,20,20,0,1e-09,25561.209707895916,25559.21599006653,-1.9937178293876059,27939.359375,27933.169921875
3,20,20,0,1e-11,25561.20969581604,25560.859519958496,-0.3501758575439453,27939.359375,27939.38671875
3,20,20,1,1e-05,29716.07052669885,31742.81313025433,2026.7426035554781,27996.869140625,28045.62890625
3,20,20,1,1e-07,29716.07053360849,29709.187283497937,-6.88325011055349,27996.869140625,27987.447265625
3,20,20,1,1e-09,29716.07053360849,29714.199712789283,-1.870820819207438,27996.869140625,27996.05078125
3,20,20,1,1e-11,29716.070554337413,29715.789071712854,-0.2814826245594304,27996.869140625,27996.5
3,20,20,2,1e-05,20413.878835880056,19870.662539164226,-543.2162967158292,22847.875,22880.171875
3,20,20,2,1e-07,20413.878846650965,20449.353535730697,35.47468907973234,22847.875,22879.681640625
3,20,20,2,1e-09,20413.8788423426,20414.735480095358,0.8566377527567965,22847.875,22848.703125
3,20,20,2,1e-11,20413.878795668657,20414.04970990349,0.17091423483361723,22847.875,22848.017578125
3,20,20,3,1e-05,27847.934926134476,22735.302783308358,-5112.632142826118,24068.892578125,24501.296875
3,20,20,3,1e-07,27847.935258581285,26591.933004940256,-1256.0022536410288,24068.892578125,24075.099609375
3,20,20,3,1e-09,27847.93509495512,27849.19126859624,1.2561736411225866,24068.892578125,24070.6875
3,20,20,3,1e-11,27847.93509235788,27847.88686938996,-0.04822296791826375,24068.892578125,24068.873046875
3,20,20,4,1e-05,41602.14389648438,33714.00762018168,-7888.136276302699,28667.958984375,29504.365234375
3,20,20,4,1e-07,41602.14384765625,34452.188716125485,-7149.955131530762,28667.958984375,28694.990234375
3,20,20,4,1e-09,41602.14384765625,41626.22822265625,24.08437500000582,28667.958984375,28668.6328125
3,20,20,4,1e-11,41602.14384765625,41602.970947265625,0.8270996093779104,28667.958984375,28668.51953125
3,20,40,0,1e-05,36181.150922851564,33232.605842081706,-2948.545080769858,33472.2265625,33300.42578125
3,20,40,0,1e-07,36181.15094238281,36077.26494140625,-103.88600097656308,33472.2265625,33375.05859375
3,20,40,0,1e-09,36181.15094238281,36184.43465820313,3.2837158203183208,33472.2265625,33479.82421875
3,20,40,0,1e-11,36181.15094238281,36179.48275390625,-1.6681884765566792,33472.2265625,33471.1953125
3,20,40,1,1e-05,24828.805603027344,49368.454296875,24539.64869384766,28613.673828125,29523.57421875
3,20,40,1,1e-07,24828.805648311492,24735.109388782133,-93.69625952935894,28613.677734375,28549.98046875
3,20,40,1,1e-09,24828.805650280367,24820.70574360509,-8.099906675277452,28613.677734375,28611.28125
3,20,40,1,1e-11,24828.805612871725,24828.528692430067,-0.2769204416581488,28613.67578125,28613.95703125
3,20,40,2,1e-05,22620.65791459517,43563.45915638317,20942.801241788,23452.685546875,23353.099609375
3,20,40,2,1e-07,22620.65800892223,22731.31587080522,110.65786188299171,23452.68359375,23553.09765625
3,20,40,2,1e-09,22620.657895174892,22619.62911155007,-1.0287836248207896,23452.685546875,23452.48828125
3,20,40,2,1e-11,22620.65789794922,22620.95748762651,0.29958967729180586,23452.6875,23453.193359375
3,20,40,3,1e-05,29234.126299918968,45250.65275435014,16016.526454431176,27610.921875,28347.869140625
3,20,40,3,1e-07,29234.126250571393,29152.945515084775,-81.18073548661778,27610.921875,27500.09375
3,20,40,3,1e-09,29234.12627784242,29236.527424264463,2.401146422042075,27610.927734375,27615.951171875
3,20,40,3,1e-11,29234.126244078292,29234.31629456865,0.19005049035695265,27610.921875,27611.505859375
3,20,40,4,1e-05,29786.124808517157,28867.563520507814,-918.5612880093431,30996.294921875,28496.748046875
3,20,40,4,1e-07,29786.124808517157,29889.768499636182,103.64369111902488,30996.294921875,31068.69140625
3,20,40,4,1e-09,29786.124808517157,29772.119293811276,-14.005514705881069,30996.294921875,30989.00390625
3,20,40,4,1e-11,29786.12465533088,29785.997630399816,-0.12702493106553447,30996.294921875,30996.671875
4,1,20,0,1e-05,8722.455976213727,8708.40855954728,-14.047416666446225,6857.677734375,6731.84521484375
4,1,20,0,1e-07,8722.455999465215,8910.535242620505,188.07924315528908,6857.677734375,6854.490234375
4,1,20,0,1e-09,8722.45600140284,8721.714395190042,-0.7416062127977057,6857.677734375,6856.86962890625
4,1,20,0,1e-11,8722.45599171472,8722.586347307477,0.13035559275704145,6857.677734375,6857.7470703125
4,1,20,1,1e-05,8930.121287626378,8818.622973273783,-111.49831435259512,7095.79150390625,7039.24267578125
4,1,20,1,1e-07,8930.12151740579,7714.762618594699,-1215.3588988110914,7095.79150390625,7090.0615234375
4,1,20,1,1e-09,8930.121287626378,8929.96356380687,-0.15772381950773706,7095.79150390625,7096.14306640625
4,1,20,1,1e-11,8930.12151740579,8930.274354822495,0.15283741670464224,7095.79150390625,7095.8525390625
4,1,20,2,1e-05,8697.352913148941,8653.440981910342,-43.91193123859921,6831.75439453125,6845.5458984375
4,1,20,2,1e-07,8697.352917086693,8718.251510127899,20.89859304120546,6831.75439453125,6848.4501953125
4,1,20,2,1e-09,8697.352966308594,8698.65694501323,1.3039787046363926,6831.75439453125,6832.71435546875
4,1,20,2,1e-11,8697.352974184098,8697.50748665102,0.1545124669228244,6831.75439453125,6831.84423828125
4,1,20,3,1e-05,6676.564799915661,8037.959592982701,1361.3947930670402,7106.1884765625,7135.54248046875
4,1,20,3,1e-07,6676.564833207564,8140.348533412388,1463.7837002048236,7106.1884765625,7106.18359375
4,1,20,3,1e-09,6676.564777721058,6677.469055175781,0.9042774547233421,7106.1884765625,7106.63134765625
4,1,20,3,1e-11,6676.564811012961,6676.631899746982,0.06708873402021709,7106.1884765625,7106.171875
4,1,20,4,1e-05,9253.243616643942,9693.500434875488,440.2568182315463,7058.0947265625,7043.78564453125
4,1,20,4,1e-07,9253.243616643942,9246.121682796838,-7.121933847103719,7058.0947265625,7051.92236328125
4,1,20,4,1e-09,9253.243612037515,9251.07719450177,-2.166417535745495,7058.0947265625,7057.56640625
4,1,20,4,1e-11,9253.243612037515,9253.171384415537,-0.07222762197852717,7058.0947265625,7058.04345703125
4,1,40,0,1e-05,7175.778203473772,7741.356965270224,565.5787617964515,7279.67529296875,7248.18115234375
4,1,40,0,1e-07,7175.778203473772,7183.006698172433,7.228494698661052,7279.67529296875,7280.93408203125
4,1,40,0,1e-09,7175.778252301898,7176.082263183594,0.3040108816958309,7279.67529296875,7279.3984375
4,1,40,0,1e-11,7175.778259277344,7175.762372698103,-0.0158865792409415,7279.67529296875,7279.693359375
4,1,40,1,1e-05,8124.009256998698,7014.921209841358,-1109.08804715734,7107.03466796875,7003.7890625
4,1,40,1,1e-07,8124.0092536078555,8122.823386298285,-1.1858673095703125,7107.03466796875,7102.51220703125
4,1,40,1,1e-09,8124.009229871962,8123.87701119317,-0.13221867879201454,7107.03466796875,7106.51025390625
4,1,40,1,1e-11,8124.009223090277,8123.981027391222,-0.02819569905568642,7107.03466796875,7107.0048828125
4,1,40,2,1e-05,9478.703297448537,9633.27121708311,154.5679196345718,7092.7666015625,7065.578125
4,1,40,2,1e-07,9478.70328969804,9466.160002208891,-12.543287489148497,7092.7666015625,7090.27783203125
4,1,40,2,1e-09,9478.703259664868,9478.258043077258,-0.445216587610048,7092.7666015625,7092.35009765625
4,1,40,2,1e-11,9478.703305199033,9478.68609812903,-0.017207070002768887,7092.7666015625,7092.7412109375
4,1,40,3,1e-05,7220.593116978237,7593.494011663622,372.9008946853846,7359.90234375,7364.2177734375
4,1,40,3,1e-07,7220.593176269531,7221.628318568638,1.035142299107065,7359.90234375,7360.48486328125
4,1,40,3,1e-09,7220.593165806362,7220.32766985212,-0.2654959542414872,7359.90234375,7359.6474609375
4,1,40,3,1e-11,7220.593165806362,7220.813776506697,0.2206107003348734,7359.90234375,7360.1328125
4,1,40,4,1e-05,7013.8318795868845,7214.0732088955965,200.241329308712,7152.0869140625,7201.13330078125
4,1,40,4,1e-07,7013.8318869850855,7017.508744673295,3.676857688209566,7152.087890625,7155.80859375
4,1,40,4,1e-09,7013.8318795868845,7014.174538352273,0.34265876538847806,7152.0869140625,7153.18798828125
4,1,40,4,1e-11,7013.8318721886835,7013.9622802734375,0.1304080847539808,7152.0869140625,7152.19873046875
4,7,20,0,1e-05,24523.132119750975,26167.537251240497,1644.4051314895223,23259.25,22858.65234375
4,7,20,0,1e-07,24523.132121785482,24542.338284301757,19.20616251627507,23259.25,23251.658203125
4,7,20,0,1e-09,24523.13218485514,24522.119346110027,-1.0128387451150047,23259.25,23256.29296875
4,7,20,0,1e-11,24523.132117716472,24522.65707804362,-0.4750396728522901,23259.25,23259.041015625
4,7,20,1,1e-05,24740.823279339333,25201.239932250977,460.41665291164463,20627.37890625,21190.21875
4,7,20,1,1e-07,24740.82328730044,24786.768668796703,45.94538149626169,20627.37890625,20677.59765625
4,7,20,1,1e-09,24740.82327668563,24739.951195758324,-0.8720809273072518,20627.37890625,20627.41015625
4,7,20,1,1e-11,24740.823300568954,24741.07338283373,0.25008226477439166,20627.37890625,20627.439453125
4,7,20,2,1e-05,25295.16632199755,23408.634601702008,-1886.5317202955412,20834.291015625,20971.9921875
4,7,20,2,1e-07,25295.166175991882,25299.22148102405,4.05530503216869,20834.291015625,20833.341796875
4,7,20,2,1e-09,25295.166310029872,25293.42624320236,-1.7400668275113276,20834.291015625,20833.37890625
4,7,20,2,1e-11,25295.16613290824,25295.48972455193,0.32359164368972415,20834.291015625,20834.28515625
4,7,20,3,1e-05,23091.504751864348,22845.97897883824,-245.52577302610734,19939.82421875,19919.0078125
4,7,20,3,1e-07,23091.504747425428,23068.344865278763,-23.15988214666504,19939.82421875,19959.615234375
4,7,20,3,1e-09,23091.504754083806,23094.12266512784,2.6179110440352815,19939.82421875,19941.013671875
4,7,20,3,1e-11,23091.504765181107,23091.08807373047,-0.41669145063860924,19939.82421875,19939.5703125
4,7,20,4,1e-05,28375.42830671344,30055.835055033367,1680.4067483199287,28730.3046875,28901.126953125
4,7,20,4,1e-07,28375.42826816492,28425.622597677666,50.19432951274575,28730.3046875,28776.23828125
4,7,20,4,1e-09,28375.428305642647,28378.839133279365,3.41082763671875,28730.3046875,28735.87109375
4,7,20,4,1e-11,28375.42830243027,28376.10120646159,0.6729040313184669,28730.3046875,28730.609375
4,7,40,0,1e-05,19920.90107758191,17093.517768859863,-2827.3833087220482,18910.1328125,18981.412109375
4,7,40,0,1e-07,19920.901076336297,17662.845142711292,-2258.0559336250044,18910.130859375,18952.412109375
4,7,40,0,1e-09,19920.901015923948,19913.479890784438,-7.421125139509968,18910.1328125,18905.7734375
4,7,40,0,1e-11,19920.900994125677,19921.091119260203,0.19012513452616986,18910.130859375,18910.294921875
4,7,40,1,1e-05,20157.309516601563,19763.493949142157,-393.81556745940543,24134.373046875,24040.64453125
4,7,40,1,1e-07,20157.309506835936,20117.717265625,-39.592241210935754,24134.373046875,24140.91796875
4,7,40,1,1e-09,20157.30943847656,20155.4785546875,-1.8308837890617724,24134.373046875,24128.01171875
4,7,40,1,1e-11,20157.30951171875,20157.087893066408,-0.22161865234375,24134.373046875,24134.06640625
4,7,40,2,1e-05,23111.07015878183,21798.09043349229,-1312.9797252895405,24425.15234375,23996.388671875
4,7,40,2,1e-07,23111.070149739582,23173.63104474103,62.560895001446625,24425.15234375,24451.61328125
4,7,40,2,1e-09,23111.070149739582,23106.13074182581,-4.939407913770992,24425.15234375,24422.755859375
4,7,40,2,1e-11,23111.070167824073,23110.704752604168,-0.36541521990511683,24425.15234375,24425.626953125
4,7,40,3,1e-05,24452.895950166305,20910.96548339844,-3541.930466767866,23734.46875,23582.2421875
4,7,40,3,1e-07,24452.89591269918,21169.225851619944,-3283.670061079236,23734.46875,23801.734375
4,7,40,3,1e-09,24452.895911490563,24454.614238474627,1.7183269840643334,23734.46875,23735.521484375
4,7,40,3,1e-11,24452.895918742266,24453.454495571626,0.5585768293603905,23734.46875,23734.361328125
4,7,40,4,1e-05,27325.37303860982,29731.359809027777,2405.986770417956,24236.5,24492.634765625
4,7,40,4,1e-07,27325.373059590656,29920.78585611979,2595.4127965291336,24236.5,24260.150390625
4,7,40,4,1e-09,27325.373027801514,27328.19932937622,2.8263015747070312,24236.5,24239.751953125
4,7,40,4,1e-11,27325.373039245605,27326.30916404724,0.9361248016357422,24236.5,24236.779296875
4,14,20,0,1e-05,52452.62023925781,44727.99386094492,-7724.626378312896,43571.5546875,44748.9921875
4,14,20,0,1e-07,52452.62022908529,52403.07141113281,-49.548817952476384,43571.5546875,43549.09375
4,14,20,0,1e-09,52452.62022908529,52435.666015625,-16.954213460288884,43571.5546875,43574.85546875
4,14,20,0,1e-11,52452.62022908529,52452.89594523112,0.2757161458284827,43571.5546875,43572.41015625
4,14,20,1,1e-05,46574.418212890625,38373.815808588915,-8200.60240430171,40469.0390625,40335.296875
4,14,20,1,1e-07,46574.418226087415,46587.36664478199,12.948418694577413,40469.0390625,40505.93359375
4,14,20,1,1e-09,46574.41832506334,46563.63067956873,-10.7876454946163,40469.0390625,40460.43359375
4,14,20,1,1e-11,46574.418212890625,46575.984703270165,1.5664903795404825,40469.0390625,40469.83984375
4,14,20,2,1e-05,53264.54177152194,47546.32257880539,-5718.219192716548,44747.5,44386.10546875
4,14,20,2,1e-07,53264.541677621695,53359.76518836388,95.2235107421875,44747.5,44793.19140625
4,14,20,2,1e-09,53264.54169640174,53262.983142559344,-1.5585538423983962,44747.5,44741.96484375
4,14,20,2,1e-11,53264.541677621695,53263.41531841572,-1.1263592059767689,44747.5,44747.2578125
4,14,20,3,1e-05,36914.47419108073,42871.53783069958,5957.063639618849,36499.58984375,35746.55078125
4,14,20,3,1e-07,36914.47420247396,41896.07732064383,4981.603118169871,36499.58984375,36493.71484375
4,14,20,3,1e-09,36914.47418782552,36917.46819498698,2.994007161454647,36499.58984375,36499.9296875
4,14,20,3,1e-11,36914.474296875,36914.17998535156,-0.2943115234375,36499.58984375,36499.6328125
4,14,20,4,1e-05,38651.15267546281,40288.11845846737,1636.9657830045617,34220.05078125,35795.6328125
4,14,20,4,1e-07,38651.15274180537,38718.65802001953,67.50527821416472,34220.05078125,34240.40625
4,14,20,4,1e-09,38651.15274180537,38642.3884542714,-8.764287533966126,34220.05078125,34214.18359375
4,14,20,4,1e-11,38651.1526675017,38651.29374363111,0.14107612941006664,34220.05078125,34219.80078125
4,14,40,0,1e-05,40869.02310232389,44791.8460957845,3922.8229934606134,48396.07421875,47690.265625
4,14,40,0,1e-07,40869.02320991128,40836.611381918694,-32.41182799258968,48396.07421875,48360.640625
4,14,40,0,1e-09,40869.023089909955,40851.4936440678,-17.529445842155837,48396.07421875,48373.98828125
4,14,40,0,1e-11,40869.02308577198,40870.49101231462,1.4679265426384518,48396.07421875,48397.26171875
4,14,40,1,1e-05,42055.963895670575,36726.77402121804,-5329.1898744525315,44426.703125,44289.21875
4,14,40,1,1e-07,42055.96404215495,42044.751798502606,-11.212243652342295,44426.703125,44409.6953125
4,14,40,1,1e-09,42055.96402587891,42066.287105305986,10.323079427078483,44426.703125,44435.4453125
4,14,40,1,1e-11,42055.96403401693,42056.842281087236,0.8782470703081344,44426.703125,44426.625
4,14,40,2,1e-05,46923.75174683564,34541.21185351956,-12382.539893316076,46036.14453125,46646.6796875
4,14,40,2,1e-07,46923.75168059593,46677.441018274585,-246.31066232134617,46036.14453125,45821.58984375
4,14,40,2,1e-09,46923.751726963725,46914.25385231196,-9.497874651766324,46036.14453125,46024.7890625
4,14,40,2,1e-11,46923.75174683564,46926.03980438469,2.288057549048972,46036.14453125,46038.17578125
4,14,40,3,1e-05,40422.6710911801,38671.43701019287,-1751.2340809872258,48118.71875,44849.4375
4,14,40,3,1e-07,40422.67107833059,40225.79029605263,-196.8807822779563,48118.71875,47914.84375
4,14,40,3,1e-09,40422.6710911801,40406.28669819079,-16.38439298931189,48118.71875,48112.5
4,14,40,3,1e-11,40422.67112972862,40423.56181897615,0.8906892475351924,48118.71875,48118.6015625
4,14,40,4,1e-05,32683.251020507814,31600.420654296875,-1082.8303662109392,34005.05078125,33987.28125
4,14,40,4,1e-07,32683.251020507814,32648.389716796875,-34.861303710938955,34005.05078125,33986.47265625
4,14,40,4,1e-09,32683.25100097656,32693.47431640625,10.223315429688228,34005.05078125,34009.9375
4,14,40,4,1e-11,32683.251015625,32681.78837402344,-1.4626416015598807,34005.05078125,34003.7734375
4,20,20,0,1e-05,59241.78395892204,59472.62677781125,230.84281888921396,50385.0859375,50162.01953125
4,20,20,0,1e-07,59241.78395892204,58981.56993849734,-260.2140204246971,50385.0859375,50198.55859375
4,20,20,0,1e-09,59241.78395372756,59254.17332685755,12.389373129990418,50385.0859375,50394.64453125
4,20,20,0,1e-11,59241.7839563248,59240.08952688664,-1.6944294381610234,50385.0859375,50384.171875
4,20,20,1,1e-05,73402.35014960106,77975.83064594674,4573.4804963456845,62267.6171875,62719.05859375
4,20,20,1,1e-07,73402.35001454454,73231.6166706491,-170.73334389543743,62267.6171875,62222.77734375
4,20,20,1,1e-09,73402.350170379,73419.87451691323,17.52434653423552,62267.6171875,62280.0625
4,20,20,1,1e-11,73402.35001454454,73402.79881773604,0.4488031914952444,62267.6171875,62267.15625
4,20,20,2,1e-05,57514.31327937199,72519.92386402804,15005.610584656046,65071.51953125,65404.00390625
4,20,20,2,1e-07,57514.313328669625,57394.295389028695,-120.0179396409294,65071.51953125,64972.83984375
4,20,20,2,1e-09,57514.313302847055,57503.54649822529,-10.766804621765914,65071.51953125,65061.26953125
4,20,20,2,1e-11,57514.31332397461,57512.80611243615,-1.5072115384609788,65071.51953125,65070.3125
4,20,20,3,1e-05,88866.01586914062,80552.1134408804,-8313.902428260219,62297.234375,61879.03125
4,20,20,3,1e-07,88866.01586914062,59988.66960915555,-28877.346259985075,62297.234375,62129.57421875
4,20,20,3,1e-09,88866.01584201389,88858.98041449653,-7.035427517359494,62297.234375,62290.16796875
4,20,20,3,1e-11,88866.01586914062,88865.25672743056,-0.7591417100629769,62297.234375,62297.12890625
4,20,20,4,1e-05,74405.92231952019,78241.00103879442,3835.078719274228,66288.390625,68041.1953125
4,20,20,4,1e-07,74405.92231952019,74460.78776809404,54.86544857385161,66288.390625,66300.40625
4,20,20,4,1e-09,74405.92231952019,74404.2210117556,-1.7013077645970043,66288.390625,66281.4140625
4,20,20,4,1e-11,74405.92231952019,74406.72079525354,0.7984757333470043,66288.390625,66287.8828125
4,20,40,0,1e-05,47566.23317105162,48113.03313893285,546.7999678812266,58546.25390625,59970.25390625
4,20,40,0,1e-07,47566.23336253447,56996.29649912013,9430.06313658566,58546.25390625,58589.078125
4,20,40,0,1e-09,47566.233324237895,47559.02787990196,-7.2054443359375,58546.25390625,58530.40625
4,20,40,0,1e-11,47566.23337210861,47567.137276443784,0.903904335173138,58546.25390625,58546.9296875
4,20,40,1,1e-05,33100.93878599655,33239.86347145258,138.92468545603333,42223.01171875,42015.3046875
4,20,40,1,1e-07,33100.93878031886,42088.9247824929,8987.986002174039,42223.01171875,42452.16015625
4,20,40,1,1e-09,33100.93876896348,33095.745912063954,-5.192856899528124,42223.01171875,42226.421875
4,20,40,1,1e-11,33100.93878031886,33100.2583802689,-0.6804000499614631,42223.01171875,42223.6796875
4,20,40,2,1e-05,44659.40201344209,41488.32473421097,-3171.0772792311254,55684.8671875,52892.2265625
4,20,40,2,1e-07,44659.40177887561,44556.57608092065,-102.82569795496238,55684.8671875,55528.7109375
4,20,40,2,1e-09,44659.401924881284,44640.98630658318,-18.415618298102345,55684.8671875,55668.39453125
4,20,40,2,1e-11,44659.401934455425,44658.822165096506,-0.5797693589192932,55684.8671875,55685.109375
4,20,40,3,1e-05,97890.5615234375,52021.57321272225,-45868.98831071525,63731.24609375,63407.16015625
4,20,40,3,1e-07,97890.5615234375,55377.54811254041,-42513.01341089709,63731.24609375,63834.53125
4,20,40,3,1e-09,97890.5615234375,97855.77286044034,-34.78866299716174,63731.24609375,63731.390625
4,20,40,3,1e-11,97890.5615234375,97887.94948508522,-2.612038352279342,63731.24609375,63727.54296875
4,20,40,4,1e-05,44970.908531188965,66389.27386067709,21418.365329488122,52952.4765625,54359.21484375
4,20,40,4,1e-07,44970.908531188965,44974.79402669271,3.885495503745915,52952.4765625,52969.40625
4,20,40,4,1e-09,44970.9084777832,44972.886878967285,1.9784011840820312,52952.4765625,52951.921875
4,20,40,4,1e-11,44970.90850067139,44970.115631103516,-0.7928695678710938,52952.4765625,52951.3046875
5,1,20,0,1e-05,11455.035205078126,15060.18393470501,3605.1487296268842,12275.9169921875,12424.26953125
5,1,20,0,1e-07,11455.035244140625,11466.24095703125,11.205712890625364,12275.9169921875,12301.4931640625
5,1,20,0,1e-09,11455.035205078126,11454.381416015625,-0.6537890625004366,12275.9169921875,12277.4248046875
5,1,20,0,1e-11,11455.035205078126,11454.953051757813,-0.0821533203125,12275.9169921875,12275.8408203125
5,1,20,1,1e-05,13543.768880208334,15935.378704202587,2391.609823994253,12810.767578125,13023.845703125
5,1,20,1,1e-07,13543.768880208334,13539.965291341146,-3.8035888671875,12810.767578125,12815.9658203125
5,1,20,1,1e-09,13543.768880208334,13547.211466471354,3.4425862630196207,12810.767578125,12811.1484375
5,1,20,1,1e-11,13543.768880208334,13543.776611328125,0.007731119791060337,12810.767578125,12810.6865234375
5,1,20,2,1e-05,17373.008351045497,19065.076009114582,1692.0676580690852,12766.2373046875,12608.83984375
5,1,20,2,1e-07,17373.008347455194,17341.51083912569,-31.497508329503034,12766.2373046875,12746.927734375
5,1,20,2,1e-09,17373.008347455194,17371.742489085478,-1.2658583697157155,12766.2373046875,12765.2509765625
5,1,20,2,1e-11,17373.008347455194,17373.197111241956,0.1887637867621379,12766.2373046875,12766.337890625
5,1,20,3,1e-05,16502.5554141396,16637.797758724813,135.2423445852146,12857.26953125,12980.958984375
5,1,20,3,1e-07,16502.555429559005,16483.91235030325,-18.643079255754856,12857.26953125,12848.8134765625
5,1,20,3,1e-09,16502.555429559005,16504.10232833059,1.5468987715867115,12857.26953125,12858.013671875
5,1,20,3,1e-11,16502.555429559005,16502.757069156043,0.2016395970385929,12857.26953125,12857.3828125
5,1,20,4,1e-05,16995.802748325892,17234.39635184152,238.59360351562646,12538.400390625,12676.54296875
5,1,20,4,1e-07,16995.80274483817,16980.795490373883,-15.007254464286234,12538.400390625,12528.58203125
5,1,20,4,1e-09,16995.802748325892,17000.498685128347,4.695936802454526,12538.400390625,12541.7958984375
5,1,20,4,1e-11,16995.80274483817,16995.64885951451,-0.1538853236597788,12538.400390625,12538.3212890625
5,1,40,0,1e-05,18154.739316742995,18545.821002828663,391.0816860856685,13400.0634765625,13664.51171875
5,1,40,0,1e-07,18154.73936725485,18135.144737506736,-19.59462974811322,13400.0634765625,13391.326171875
5,1,40,0,1e-09,18154.739299905712,18151.799181707975,-2.94011819773732,13400.0634765625,13397.087890625
5,1,40,0,1e-11,18154.739341998924,18154.567016601562,-0.17232539736141916,13400.0634765625,13399.953125
5,1,40,1,1e-05,14087.074172973633,15011.010950188887,923.9367772152546,12810.869140625,12841.6708984375
5,1,40,1,1e-07,14087.074170793805,14117.434406825474,30.360236031669046,12810.869140625,12826.3046875
5,1,40,1,1e-09,14087.07418169294,14086.433508736747,-0.640672956193157,12810.869140625,12810.0068359375
5,1,40,1,1e-11,14087.07418169294,14087.165314810616,0.09113311767578125,12810.869140625,12810.818359375
5,1,40,2,1e-05,15907.981075402462,15861.192878491951,-46.78819691051103,12864.748046875,12892.103515625
5,1,40,2,1e-07,15907.98106060606,15930.186885949337,22.205825343276956,12864.748046875,12891.1787109375
5,1,40,2,1e-09,15907.98106060606,15909.952821673769,1.9717610677089397,12864.748046875,12865.8427734375
5,1,40,2,1e-11,15907.98106060606,15908.060029000946,0.07896839488603291,12864.748046875,12864.720703125
5,1,40,3,1e-05,17431.48182588465,17433.310570810354,1.8287449257040862,13400.326171875,13587.5068359375
5,1,40,3,1e-07,17431.48183545879,17469.524184283087,38.042348824295914,13400.326171875,13424.7451171875
5,1,40,3,1e-09,17431.481780407474,17435.832574582568,4.350794175094052,13400.328125,13402.5234375
5,1,40,3,1e-11,17431.48177801394,17431.387499042587,-0.09427897135174135,13400.326171875,13400.2685546875
5,1,40,4,1e-05,13681.284383839575,13776.209260192098,94.92487635252292,13042.8623046875,13124.91015625
5,1,40,4,1e-07,13681.284453293372,13689.856718918372,8.572265625,13042.8623046875,13060.046875
5,1,40,4,1e-09,13681.284402781519,13681.439387880522,0.15498509900317003,13042.8623046875,13042.5341796875
5,1,40,4,1e-11,13681.284417514144,13681.498208933863,0.21379141971920035,13042.8623046875,13043.0341796875
5,7,20,0,1e-05,52743.88576146176,54007.26729877178,1263.3815373100224,40904.0078125,40360.48046875
5,7,20,0,1e-07,52743.88575503701,52798.6337473016,54.74799226459436,40904.0078125,40994.98046875
5,7,20,0,1e-09,52743.88575503701,52757.66976446854,13.784009431532468,40904.0078125,40907.53515625
5,7,20,0,1e-11,52743.88575503701,52743.4251484118,-0.4606066252090386,40904.0078125,40903.88671875
5,7,20,1,1e-05,50919.63064778646,49376.33849894206,-1543.2921488443972,47105.94140625,46188.08984375
5,7,20,1,1e-07,50919.63058064778,50958.05744222005,38.426861572268535,47105.94140625,47123.9453125
5,7,20,1,1e-09,50919.63064778646,50912.74942423503,-6.881223551426956,47105.94140625,47105.7734375
5,7,20,1,1e-11,50919.63064778646,50920.82791341146,1.197265625,47105.94140625,47106.96875
5,7,20,2,1e-05,59525.55727181784,65487.07502016814,5961.517748350299,50893.66796875,51919.25
5,7,20,2,1e-07,59525.557295636434,59663.21237852515,137.65508288871933,50893.66796875,50892.91015625
5,7,20,2,1e-09,59525.557295636434,59523.4941048971,-2.06319073933264,50893.66796875,50887.9765625
5,7,20,2,1e-11,59525.557295636434,59526.616937404724,1.059641768290021,50893.66796875,50894.546875
5,7,20,3,1e-05,50082.06557259909,51955.005292784495,1872.939720185408,40371.0546875,40821.8984375
5,7,20,3,1e-07,50082.065667873474,50142.163139529344,60.09747165587032,40371.0546875,40427.21875
5,7,20,3,1e-09,50082.06557259909,50090.25476967416,8.189197075073025,40371.0546875,40376.28515625
5,7,20,3,1e-11,50082.06547137004,50081.989091082316,-0.07638028772635153,40371.0546875,40370.99609375
5,7,20,4,1e-05,52539.99178059896,49278.580312476966,-3261.4114681219944,44171.54296875,43505.1171875
5,7,20,4,1e-07,52539.99178059896,52626.8459777832,86.85419718424237,44171.54296875,44263.37890625
5,7,20,4,1e-09,52539.991775512695,52549.0354309082,9.043655395507812,44171.54296875,44177.80859375
5,7,20,4,1e-11,52539.99161783854,52541.638275146484,1.6466573079451337,44171.54296875,44171.9453125
5,7,40,0,1e-05,43771.817314453125,39410.91116333008,-4360.906151123047,44529.10546875,43989.1953125
5,7,40,0,1e-07,43771.817314453125,43646.69751953125,-125.11979492187675,44529.10546875,44420.80078125
5,7,40,0,1e-09,43771.817314453125,43768.58881835938,-3.2284960937467986,44529.10546875,44522.1171875
5,7,40,0,1e-11,43771.817314453125,43775.00706054687,3.1897460937470896,44529.10546875,44530.23828125
5,7,40,1,1e-05,54566.02582465278,41508.75364632442,-13057.272178328363,43680.2578125,44444.22265625
5,7,40,1,1e-07,54566.02582465278,54680.5009765625,114.47515190971899,43680.2578125,43650.7734375
5,7,40,1,1e-09,54566.02582465278,54570.339463975695,4.313639322914241,43680.2578125,43677.625
5,7,40,1,1e-11,54566.02582465278,54562.90407986111,-3.1217447916715173,43680.2578125,43680.1015625
5,7,40,2,1e-05,48856.797805220995,40024.37599182129,-8832.421813399706,42290.81640625,42223.93359375
5,7,40,2,1e-07,48856.79784817166,48872.5486235442,15.750775372544012,42290.81640625,42287.48046875
5,7,40,2,1e-09,48856.797802960435,48858.249052824794,1.451249864359852,42290.81640625,42288.8046875
5,7,40,2,1e-11,48856.79782104492,48856.65335083008,-0.14447021484375,42290.81640625,42291.01953125
5,7,40,3,1e-05,46261.42112103631,58061.35689981575,11799.935778779443,50389.69140625,51638.9765625
5,7,40,3,1e-07,46261.42123592601,46209.11843692555,-52.30279900046298,50389.69140625,50400.56640625
5,7,40,3,1e-09,46261.42116411994,46281.38192928539,19.960765165444172,50389.69140625,50400.0078125
5,7,40,3,1e-11,46261.42116411994,46262.38541187959,0.9642477596498793,50389.69140625,50389.984375
5,7,40,4,1e-05,43670.370598493304,39263.2945220505,-4407.076076442805,35489.1484375,35077.2578125
5,7,40,4,1e-07,43670.37048688616,43708.6122000558,38.241713169642026,35489.1484375,35474.91796875
5,7,40,4,1e-09,43670.370598493304,43680.28242885045,9.911830357144936,35489.1484375,35494.30078125
5,7,40,4,1e-11,43670.370598493304,43670.93840680803,0.5678083147286088,35489.1484375,35490.25
5,14,20,0,1e-05,108720.29262181332,107583.02920692845,-1137.2634148848738,87017.4375,85822.2734375
5,14,20,0,1e-07,108720.29262181332,109100.89622738487,380.6036055715522,87017.4375,87242.953125
5,14,20,0,1e-09,108720.29260896382,108709.56136924343,-10.731239720393205,87017.4375,87016.3125
5,14,20,0,1e-11,108720.2925961143,108722.16440943668,1.8718133223737823,87017.4375,87018.2890625
5,14,20,1,1e-05,101007.39457800033,94849.3698404948,-6158.024737505533,84278.0859375,84650.265625
5,14,20,1,1e-07,101007.39457800033,100789.79298952792,-217.60158847240382,84278.0859375,84111.109375
5,14,20,1,1e-09,101007.39457800033,101003.94041410406,-3.454163896269165,84278.0859375,84284.5390625
5,14,20,1,1e-11,101007.39520133809,101006.51004093251,-0.8851604055817006,84278.0859375,84277.96875
5,14,20,2,1e-05,101415.78614682057,99604.4763513784,-1811.3097954421683,89773.3359375,88725.5546875
5,14,20,2,1e-07,101415.78605076524,101243.51253321914,-172.27351754609845,89773.3359375,89751.0078125
5,14,20,2,1e-09,101415.78608278368,101420.58628169826,4.800198914570501,89773.3359375,89776.328125
5,14,20,2,1e-11,101415.78608278368,101415.84436835618,0.05828557249333244,89773.3359375,89773.2421875
5,14,20,3,1e-05,91460.74683172052,93162.62204401544,1701.8752122949227,77822.6953125,78082.6328125
5,14,20,3,1e-07,91460.74722012607,91670.0634654652,209.3162453391269,77822.6953125,78037.8359375
5,14,20,3,1e-09,91460.74683172052,91467.43488658559,6.6880548650660785,77822.6953125,77827.2109375
5,14,20,3,1e-11,91460.74683172052,91459.37798517401,-1.3688465465093032,77822.6953125,77821.203125
5,14,20,4,1e-05,81753.18928870377,84797.36755371094,3044.178265007169,69693.796875,69782.265625
5,14,20,4,1e-07,81753.18889010683,81683.93165557238,-69.25723453445244,69693.7890625,69618.3203125
5,14,20,4,1e-09,81753.18892996652,81758.6141457071,5.425215740586282,69693.796875,69695.7109375
5,14,20,4,1e-11,81753.18896982621,81753.556511081,0.3675412547891028,69693.7890625,69694.0390625
5,14,40,0,1e-05,49009.28736707899,49659.02448527018,649.7371181911876,59971.21484375,60401.75
5,14,40,0,1e-07,49009.28729248047,48899.058949788414,-110.22834269205487,59971.21484375,59987.1796875
5,14,40,0,1e-09,49009.28727552626,49017.14397854275,7.856703016492247,59971.21484375,59983.125
5,14,40,0,1e-11,49009.28731282552,49011.92401123047,2.6366984049454913,59971.21484375,59972.5078125
5,14,40,1,1e-05,56284.64524414062,77122.92740885417,20838.28216471355,66850.8515625,67262.6953125
5,14,40,1,1e-07,56284.64524414062,56353.2884765625,68.64323242187675,66850.8515625,66765.6796875
5,14,40,1,1e-09,56284.64493164062,56274.136337890624,-10.50859374999709,66850.8515625,66863.625
5,14,40,1,1e-11,56284.64493164062,56285.3621875,0.7172558593811118,66850.8515625,66851.7265625
5,14,40,2,1e-05,71061.05818577817,70600.83640136718,-460.2217844109837,75913.8828125,77341.4375
5,14,40,2,1e-07,71061.05789666426,71120.93150249281,59.87360582854308,75913.8828125,75958.1953125
5,14,40,2,1e-09,71061.05787096526,71080.39553029914,19.337659333876218,75913.8828125,75925.4921875
5,14,40,2,1e-11,71061.05798339844,71061.54074899774,0.48276559929945506,75913.8828125,75914.15625
5,14,40,3,1e-05,57735.33735487196,52471.33848953247,-5263.99886533949,64884.4921875,64661.07421875
5,14,40,3,1e-07,57735.33735487196,57606.82879638672,-128.50855848524225,64884.4921875,64871.46875
5,14,40,3,1e-09,57735.337358262805,57723.75289916992,-11.584459092882753,64884.4921875,64874.015625
5,14,40,3,1e-11,57735.337365044485,57735.7941792806,0.4568142361167702,64884.4921875,64884.53515625
5,14,40,4,1e-05,49211.068234327366,52945.358672223774,3734.2904378964085,58601.99609375,60801.46484375
5,14,40,4,1e-07,49211.0682328387,49334.407616592034,123.33938375333673,58601.99609375,58771.26953125
5,14,40,4,1e-09,49211.06819859947,49218.80499118712,7.736792587653326,58601.99609375,58612.2265625
5,14,40,4,1e-11,49211.068222418064,49210.899728170254,-0.16849424780957634,58601.98828125,58601.1640625
5,20,20,0,1e-05,117325.1996459961,118577.62129720052,1252.4216512044222,110458.34375,113269.1875
5,20,20,0,1e-07,117325.1996866862,117603.5267232259,278.32703653970384,110458.34375,110778.5
5,20,20,0,1e-09,117325.1996459961,117278.1551920573,-47.04445393879723,110458.34375,110427.6484375
5,20,20,0,1e-11,117325.19956461589,117327.10373942058,1.9041748046875,110458.34375,110461.65625
5,20,20,1,1e-05,132252.3978928786,104688.08093452454,-27564.31695835406,108276.703125,109735.3828125
5,20,20,1,1e-07,132252.398043119,132463.75338040866,211.35533728965675,108276.703125,108412.421875
5,20,20,1,1e-09,132252.39790226863,132325.59182504506,73.19392277643783,108276.703125,108305.6875
5,20,20,1,1e-11,132252.398043119,132252.15489783653,-0.24314528246759437,108276.703125,108279.0703125
5,20,20,2,1e-05,91462.17232186453,111735.7184759646,20273.54615410007,94144.328125,94603.7265625
5,20,20,2,1e-07,91462.1723349435,91576.28815351214,114.11581856863631,94144.328125,94179.03125
5,20,20,2,1e-09,91462.17234366281,91469.3475102016,7.175166538785561,94144.328125,94144.796875
5,20,20,2,1e-11,91462.17233058384,91461.89888000488,-0.27345057895581704,94144.328125,94144.09375
5,20,20,3,1e-05,90389.8545085362,90245.44924490793,-144.40526362827222,93611.671875,93405.1328125
5,20,20,3,1e-07,90389.85448237827,90285.42476872036,-104.42971365791163,93611.671875,93460.0
5,20,20,3,1e-09,90389.85440390451,90397.07250431606,7.218100411555497,93611.671875,93620.796875
5,20,20,3,1e-11,90389.85440172467,90389.7604675293,-0.09393419537809677,93611.6796875,93612.078125
5,20,20,4,1e-05,105983.41975838797,103714.47409179687,-2268.9456665910984,91725.234375,93289.890625
5,20,20,4,1e-07,105983.41986301968,106176.06285749163,192.64299447195663,91725.234375,91751.484375
5,20,20,4,1e-09,105983.41987173898,105984.20563398089,0.785762241910561,91725.234375,91729.6796875
5,20,20,4,1e-11,105983.41982814243,105980.56179373605,-2.8580344063811935,91725.234375,91724.1796875
5,20,40,0,1e-05,91275.16801757812,133468.67252604166,42193.504508463535,111949.3203125,115213.671875
5,20,40,0,1e-07,91275.16801757812,91523.28486328125,248.11684570313082,111949.3203125,111781.9296875
5,20,40,0,1e-09,91275.16801757812,91279.33805338542,4.170035807299428,111949.3203125,111976.671875
5,20,40,0,1e-11,91275.16801757812,91274.83819986979,-0.32981770833430346,111949.3203125,111952.0703125
5,20,40,1,1e-05,88343.77321624756,94274.3349041409,5930.561687893336,102961.3515625,103426.2265625
5,20,40,1,1e-07,88343.77335357666,88670.5958404541,326.8224868774414,102961.3515625,102926.640625
5,20,40,1,1e-09,88343.77323913574,88325.37440490723,-18.398834228515625,102961.3515625,102947.09375
5,20,40,1,1e-11,88343.7733001709,88342.25812530518,-1.5151748657226562,102961.3515625,102960.9140625
5,20,40,2,1e-05,85581.43440961234,78334.29542240343,-7247.138987208906,103463.46875,101934.625
5,20,40,2,1e-07,85581.43460430676,86149.02273907239,567.588134765625,103463.46875,103665.734375
5,20,40,2,1e-09,85581.43480209158,85611.46774871439,30.032946622814052,103463.46875,103447.8125
5,20,40,2,1e-11,85581.43440343157,85576.98588619956,-4.448517232012819,103463.46875,103460.609375
5,20,40,3,1e-05,98755.28303825081,97452.893968341,-1302.389069909812,115518.5546875,117056.1953125
5,20,40,3,1e-07,98755.28303825081,98712.79609818892,-42.4869400618918,115518.5546875,115525.734375
5,20,40,3,1e-09,98755.28303825081,98734.98608081372,-20.296957437094534,115518.5546875,115502.7421875
5,20,40,3,1e-11,98755.28303825081,98753.61800235897,-1.6650358918413986,115518.5546875,115518.0078125
5,20,40,4,1e-05,119370.47609508547,89635.93598556519,-29734.540109520283,117955.8046875,116851.6953125
5,20,40,4,1e-07,119370.47618063902,119285.48164563302,-84.99453500600066,117955.8046875,118021.0078125
5,20,40,4,1e-09,119370.4758843316,119343.81833224827,-26.657552083328483,117955.8046875,117928.84375
5,20,40,4,1e-11,119370.47619524572,119371.0998848157,0.6236895699839806,117955.8046875,117956.0625
1,1,20,0,1e-10,279.53671111315487,279.53929621502755,0.0025851018726825714,264.4375,264.43975830078125
1,1,20,1,1e-10,344.7324400682782,344.7386546225049,0.006214554226687596,261.1551513671875,261.16278076171875
1,1,20,2,1e-10,310.6605145079749,310.66892928736553,0.008414779390648164,264.3927001953125,264.39501953125
1,1,20,3,1e-10,313.3095878592709,313.3177473670558,0.008159507784910147,279.51409912109375,279.5248107910156
1,1,20,4,1e-10,270.7771859133945,270.769519553465,-0.0076663599294874984,267.5738220214844,267.5658264160156
1,1,40,0,1e-10,387.92208311219275,387.8920179443595,-0.030065167833242867,288.4693603515625,288.4512634277344
1,1,40,1,1e-10,295.14712412106365,295.12687930935306,-0.020244811710597332,268.7698669433594,268.7612609863281
1,1,40,2,1e-10,354.5966377021164,354.59207413337566,-0.0045635687407639125,279.87353515625,279.870361328125
1,1,40,3,1e-10,266.8451381140068,266.862411737442,0.01727362343524419,257.71417236328125,257.7246398925781
1,1,40,4,1e-10,300.3954560226864,300.401771624883,0.0063156021965937725,270.65484619140625,270.6580810546875
1,7,20,0,1e-10,1095.4829615931358,1095.5525811718355,0.06961957869975777,716.5034790039062,716.5313720703125
1,7,20,1,1e-10,1221.974353366428,1221.9964373553241,0.02208398889615637,1086.645751953125,1086.71875
1,7,20,2,1e-10,1243.4296223958333,1243.4241449991862,-0.005477396647165733,1036.79638671875,1036.781982421875
1,7,20,3,1e-10,1643.987617916531,1643.9006143146091,-0.08700360192187873,1031.119384765625,1031.0888671875
1,7,20,4,1e-10,874.3738917689169,874.2630909335229,-0.1108008353940022,821.6822509765625,821.5308837890625
1,7,40,0,1e-10,1821.4843310401552,1821.4644524710518,-0.01987856910341179,1241.054443359375,1241.171630859375
1,7,40,1,1e-10,1224.3913537049905,1224.498717381404,0.10736367641356992,908.0845947265625,908.19189453125
1,7,40,2,1e-10,1745.5303161257789,1745.9111344473702,0.3808183215912777,1402.9637451171875,1403.3848876953125
1,7,40,3,1e-10,1360.9466603597004,1360.6916785962653,-0.2549817634351257,1286.7818603515625,1286.452392578125
1,7,40,4,1e-10,1726.8203140570192,1726.8354454819037,0.01513142488443009,1182.830810546875,1182.8790283203125
1,14,20,0,1e-10,2170.663135740492,2170.157176335653,-0.5059594048393592,1777.4505615234375,1776.9935302734375
1,14,20,1,1e-10,2742.0389099121094,2713.231423712396,-28.807486199713367,2576.473388671875,2576.4208984375
1,14,20,2,1e-10,2926.521238708496,2926.8096577962237,0.2884190877275614,1936.4171142578125,1936.5399169921875
1,14,20,3,1e-10,3250.4364766438803,3249.819232177734,-0.6172444661460759,2340.936767578125,2340.447021484375
1,14,20,4,1e-10,2882.672544206892,2882.159511021205,-0.5130331856867087,2235.2109375,2234.839111328125
1,14,40,0,1e-10,2498.053255353655,2498.6764025006973,0.6231471470423458,2511.505126953125,2512.54150390625
1,14,40,1,1e-10,2690.161237250434,2690.383007134332,0.2217698838976503,2183.782470703125,2183.949462890625
1,14,40,2,1e-10,3088.8357597484924,3089.6292729963334,0.7935132478410196,3349.810546875,3350.66162109375
1,14,40,3,1e-10,3478.8422534179685,3478.3613720703124,-0.48088134765612267,2868.4345703125,2867.773681640625
1,14,40,4,1e-10,3057.7115056654984,3056.9822423598343,-0.7292633056640625,2666.336669921875,2665.07080078125
1,20,20,0,1e-10,3958.5880432128906,3959.1581567834924,0.570113570601734,2608.621337890625,2609.250732421875
1,20,20,1,1e-10,4911.706118548358,4911.451292249892,-0.25482629846646887,3691.51416015625,3691.319091796875
1,20,20,2,1e-10,4382.580460120892,4383.719563451306,1.1391033304144003,3218.43359375,3219.602294921875
1,20,20,3,1e-10,4157.381526066707,4157.51555081881,0.1340247521029596,4020.003173828125,4020.385986328125
1,20,20,4,1e-10,4580.691084951724,4580.7517556244475,0.060670672723063035,3828.084228515625,3828.162353515625
1,20,40,0,1e-10,6089.616965017011,6090.268601940525,0.6516369235132515,5539.05810546875,5539.224609375
1,20,40,1,1e-10,5366.989163716634,5366.682539198134,-0.3066245185000298,4791.9765625,4791.24609375
1,20,40,2,1e-10,3627.53295359892,3625.8269060920265,-1.7060475068933556,4080.188232421875,4077.096435546875
1,20,40,3,1e-10,6180.584887855931,6179.729240015933,-0.8556478399978005,5484.57958984375,5484.28857421875
1,20,40,4,1e-10,4813.801556987147,4814.370085685484,0.5685286983371043,3368.350830078125,3368.69775390625
2,1,20,0,1e-10,1628.472288091132,1628.4170415350732,-0.055246556058818896,1234.756103515625,1234.715087890625
2,1,20,1,1e-10,1570.9483931223551,1570.9924985249838,0.044105402628701995,1244.5101318359375,1244.5216064453125
2,1,20,2,1e-10,1637.9496809917948,1638.003543522047,0.053862530252217766,1198.8111572265625,1198.868896484375
2,1,20,3,1e-10,2386.8178587693433,2386.811567453238,-0.006291316105489386,1262.5361328125,1262.5247802734375
2,1,20,4,1e-10,1598.407652656987,1598.416188509959,0.008535852972045177,1262.2353515625,1262.2198486328125
2,1,40,0,1e-10,1352.3700872567983,1774.4840476296165,422.11396037281816,1242.30224609375,1242.2974853515625
2,1,40,1,1e-10,1357.265849522182,1357.2962538855415,0.030404363359593845,1313.764892578125,1313.801513671875
2,1,40,2,1e-10,1532.2394042626406,1532.173563248072,-0.0658410145686048,1316.9068603515625,1316.8441162109375
2,1,40,3,1e-10,1382.397284074263,1382.3768834200773,-0.020400654185777967,1277.7969970703125,1277.7581787109375
2,1,40,4,1e-10,1538.5038515726726,1538.4861651659012,-0.01768640677141775,1293.9525146484375,1293.9326171875
2,7,20,0,1e-10,3245.8415101604696,3245.8584511839313,0.016941023461640725,3463.72705078125,3463.663330078125
2,7,20,1,1e-10,3816.274102020264,3816.2369640350344,-0.03713798522949219,3148.7490234375,3148.73876953125
2,7,20,2,1e-10,6011.140870775495,6010.901551382883,-0.23931939261274238,3660.505859375,3660.3232421875
2,7,20,3,1e-10,6806.618222623258,6806.842837771854,0.22461514859605813,4251.74755859375,4251.82080078125
2,7,20,4,1e-10,6381.9360110943135,6382.40589259221,0.4698814978964947,4490.52685546875,4490.75732421875
2,7,40,0,1e-10,6253.018969022311,6252.042616037222,-0.9763529850888517,3857.459716796875,3857.0029296875
2,7,40,1,1e-10,4665.632099980893,4665.374599954356,-0.25750002653694537,3508.839111328125,3508.555908203125
2,7,40,2,1e-10,5522.218606638354,5521.9778201081035,-0.24078653025026142,4503.650390625,4503.14501953125
2,7,40,3,1e-10,5600.2410961914065,5600.595913085937,0.35481689453081344,4244.6826171875,4244.81591796875
2,7,40,4,1e-10,4717.017546261058,4716.92819034352,-0.0893559175374321,4879.16162109375,4878.958984375
2,14,20,0,1e-10,6956.5853271484375,6956.397101173939,-0.18822597449889145,6844.2119140625,6843.876953125
2,14,20,1,1e-10,8767.80595769109,8767.6718733504,-0.13408434068878705,6959.6083984375,6959.94482421875
2,14,20,2,1e-10,10360.260294297163,10362.080308801987,1.8200145048249396,7170.5380859375,7171.208984375
2,14,20,3,1e-10,9291.902569110576,9291.947904146635,0.04533503605853184,7128.1904296875,7128.3330078125
2,14,20,4,1e-10,7287.408104060247,7288.462453754131,1.0543496938844328,6369.3203125,6370.0224609375
2,14,40,0,1e-10,9482.060740152994,9483.074467976889,1.0137278238944418,7460.7783203125,7461.64013671875
2,14,40,1,1e-10,8431.442789713541,8429.920625232515,-1.522164481026266,7963.42431640625,7961.935546875
2,14,40,2,1e-10,5880.756309755387,5880.147140995149,-0.6091687602374805,6305.33740234375,6304.939453125
2,14,40,3,1e-10,7685.543058682332,7685.986926053478,0.4438673711456431,7248.4814453125,7248.716796875
2,14,40,4,1e-10,7145.971520996094,7144.807425537109,-1.1640954589847752,6884.86279296875,6883.52197265625
2,20,20,0,1e-10,11017.019770784198,11017.35196325914,0.3321924749416212,9470.3505859375,9470.5126953125
2,20,20,1,1e-10,10760.900788879395,10761.13120956421,0.23042068481481692,11227.1005859375,11227.236328125
2,20,20,2,1e-10,10267.170833240856,10266.96892270175,-0.20191053910639312,10629.67578125,10629.921875
2,20,20,3,1e-10,8847.779860687257,8848.063387298584,0.2835266113270336,8729.1396484375,8729.802734375
2,20,20,4,1e-10,9379.921735323393,9379.80905004648,-0.11268527691208874,9609.189453125,9609.078125
2,20,40,0,1e-10,10126.854431152344,10127.329841212222,0.47541005987841345,9926.33984375,9926.5458984375
2,20,40,1,1e-10,9296.333287211297,9295.232403505195,-1.1008837061017402,8471.41796875,8470.86328125
2,20,40,2,1e-10,13160.390603316459,13160.573198820415,0.18259550395669066,12387.9677734375,12389.4638671875
2,20,40,3,1e-10,10902.927547011264,10902.333403831304,-0.594143179960156,10874.4951171875,10874.470703125
2,20,40,4,1e-10,15555.910303751627,15557.702123006186,1.7918192545585043,9619.025390625,9619.6767578125
3,1,20,0,1e-10,5313.869023198667,5313.970722364343,0.10169916567610926,3376.57080078125,3376.63232421875
3,1,20,1,1e-10,5096.344505004883,5096.2495947265625,-0.09491027832063992,3270.705078125,3270.664306640625
3,1,20,2,1e-10,3628.20920392379,3628.3276005717157,0.11839664792569238,3329.85791015625,3329.995361328125
3,1,20,3,1e-10,4234.872581481934,4234.735359736851,-0.13722174508257012,3332.4658203125,3332.510009765625
3,1,20,4,1e-10,3958.436644575978,3958.5298531801645,0.09320860418665688,3481.087158203125,3481.1962890625
3,1,40,0,1e-10,4413.431968266985,4413.550780874438,0.11881260745303734,3575.3837890625,3575.48876953125
3,1,40,1,1e-10,4223.706864026128,4223.291897832131,-0.4149661939964062,3503.720458984375,3503.532958984375
3,1,40,2,1e-10,6186.4527587890625,6186.470607212612,0.017848423549367,3388.769287109375,3388.781494140625
3,1,40,3,1e-10,3808.649745060847,3808.9749290270684,0.32518396622117507,3440.734130859375,3440.89990234375
3,1,40,4,1e-10,3743.490928454277,3743.2910606188652,-0.19986783541162367,3361.80810546875,3361.65966796875
3,7,20,0,1e-10,10632.851947360568,10633.586842854818,0.7348954942499404,9552.0390625,9552.4130859375
3,7,20,1,1e-10,11707.863032254305,11708.119490189985,0.25645793568037334,12772.1396484375,12772.4228515625
3,7,20,2,1e-10,9990.67509816963,9990.71593924549,0.040841075860953424,11297.970703125,11297.73828125
3,7,20,3,1e-10,13871.726537740455,13869.650957791311,-2.0755799491435027,11735.9462890625,11734.7587890625
3,7,20,4,1e-10,11377.599932070132,11378.32401445177,0.724082381637345,12644.2392578125,12644.8251953125
3,7,40,0,1e-10,10194.512686336742,10193.815812054803,-0.6968742819390172,9660.3974609375,9660.1669921875
3,7,40,1,1e-10,14354.450375976563,14353.927915039063,-0.5224609375,12726.9599609375,12726.8603515625
3,7,40,2,1e-10,11034.789567057293,11034.623795572918,-0.165771484375,9913.3505859375,9913.6298828125
3,7,40,3,1e-10,8594.300121663411,8593.80695719401,-0.4931644694006536,8569.1552734375,8568.8115234375
3,7,40,4,1e-10,11307.802219935826,11306.188900902158,-1.6133190336677217,13054.4189453125,13052.9296875
3,14,20,0,1e-10,32507.151506696428,32505.591273716516,-1.560232979911234,18029.62109375,18029.1328125
3,14,20,1,1e-10,26462.722878196022,26464.088634144176,1.3657559481544013,22556.0703125,22557.4453125
3,14,20,2,1e-10,23976.3140234375,23973.8908984375,-2.423124999997526,20830.685546875,20828.9765625
3,14,20,3,1e-10,20775.252485167304,20777.019633743,1.7671485756945913,18727.146484375,18728.01171875
3,14,20,4,1e-10,17876.111874787704,17875.701892355213,-0.40998243249123334,14171.29296875,14171.103515625
3,14,40,0,1e-10,27508.663933648004,27507.45965576172,-1.2042778862851264,22234.8984375,22234.494140625
3,14,40,1,1e-10,17008.40879652235,17008.897990756566,0.4891942342146649,17628.087890625,17629.3515625
3,14,40,2,1e-10,18958.763269856772,18958.658709309897,-0.10456054687529104,20945.083984375,20944.44140625
3,14,40,3,1e-10,20400.014587402344,20399.990804036457,-0.023783365886629326,21170.357421875,21169.806640625
3,14,40,4,1e-10,22138.14089864095,22135.391277567545,-2.7496210734061606,19634.984375,19632.345703125
3,20,20,0,1e-10,25561.209735234577,25560.971661249798,-0.23807398477947572,27939.359375,27937.916015625
3,20,20,1,1e-10,29716.07054742777,29715.376624917084,-0.6939225106871163,27996.869140625,27996.017578125
3,20,20,2,1e-10,20413.878850241268,20411.75101964614,-2.127830595127307,22847.875,22845.5234375
3,20,20,3,1e-10,27847.93524819232,27848.23738000748,0.3021318151586456,24068.892578125,24067.61328125
3,20,20,4,1e-10,41602.14389648438,41602.51303710938,0.369140625,28667.958984375,28667.828125
3,20,40,0,1e-10,36181.150922851564,36179.095561523434,-2.0553613281299477,33472.2265625,33472.9609375
3,20,40,1,1e-10,24828.805675875756,24826.56235627205,-2.2433196037054586,28613.67578125,28614.2578125
3,20,40,2,1e-10,22620.657878528942,22618.986251831055,-1.6716266978874046,23452.685546875,23450.126953125
3,20,40,3,1e-10,29234.12634926654,29231.773571257894,-2.3527780086442363,27610.921875,27609.1171875
3,20,40,4,1e-10,29786.124808517157,29786.72160070083,0.5967921836709138,30996.294921875,30996.802734375
4,1,20,0,1e-10,8722.455989777096,8722.408636668371,-0.04735310872456466,6857.677734375,6857.37109375
4,1,20,1,1e-10,8930.121287626378,8929.892973058364,-0.2283145680139569,7095.79150390625,7095.52197265625
4,1,20,2,1e-10,8697.352905273438,8696.990632087955,-0.3622731854829908,6831.75439453125,6831.70751953125
4,1,20,3,1e-10,6676.564811012961,6676.782742587003,0.21793157404135854,7106.1884765625,7106.40283203125
4,1,20,4,1e-10,9253.243612037515,9253.29706501511,0.0534529775941337,7058.0947265625,7058.23876953125
4,1,40,0,1e-10,7175.778259277344,7175.501693289621,-0.2765659877231883,7279.67529296875,7279.32421875
4,1,40,1,1e-10,8124.009280734592,8123.471303727892,-0.5379770067002028,7107.03466796875,7106.5419921875
4,1,40,2,1e-10,9478.703281947544,9478.149076915923,-0.5542050316216773,7092.7666015625,7092.39208984375
4,1,40,3,1e-10,7220.593169294085,7220.162090192523,-0.4310791015623181,7359.90234375,7359.65869140625
4,1,40,4,1e-10,7013.8318721886835,7013.907174775095,0.07530258641145338,7152.087890625,7151.96533203125
4,7,20,0,1e-10,24523.132133992513,24521.5336924235,-1.5984415690109017,23259.25,23258.11328125
4,7,20,1,1e-10,24740.82328464674,24740.131374193275,-0.6919104534645157,20627.37890625,20627.41015625
4,7,20,2,1e-10,25295.16617120481,25292.523741479014,-2.642429725798138,20834.291015625,20832.041015625
4,7,20,3,1e-10,23091.504746315695,23092.919071821732,1.4143255060371303,19939.82421875,19939.39453125
4,7,20,4,1e-10,28375.428308319628,28377.114045260245,1.685736940617062,28730.3046875,28732.330078125
4,7,40,0,1e-10,19920.900953643177,19923.581768425145,2.6808147819683654,18910.1328125,18911.431640625
4,7,40,1,1e-10,20157.309521484374,20157.53375,0.22422851562441792,24134.373046875,24135.384765625
4,7,40,2,1e-10,23111.070149739582,23109.57049334491,-1.4996563946733659,24425.15234375,24421.92578125
4,7,40,3,1e-10,24452.895913907796,24454.924477152304,2.0285632445084048,23734.46875,23735.609375
4,7,40,4,1e-10,27325.37302907308,27327.240460713703,1.867431640625,24236.5,24237.35546875
4,14,20,0,1e-10,52452.62022908529,52445.74454752604,-6.875681559249642,43571.5546875,43569.49609375
4,14,20,1,1e-10,46574.418212890625,46571.10187427418,-3.3163386164451367,40469.0390625,40468.23828125
4,14,20,2,1e-10,53264.54175274189,53262.96394935021,-1.5778033916794811,44747.5,44748.6875
4,14,20,3,1e-10,36914.47419270833,36910.348509114585,-4.125683593745634,36499.58984375,36496.6953125
4,14,20,4,1e-10,38651.15264627208,38650.90938136889,-0.24326490319072036,34220.05078125,34218.0078125
4,14,40,0,1e-10,40869.02308577198,40864.416388042904,-4.606697729075677,48396.07421875,48391.8203125
4,14,40,1,1e-10,42055.96404215495,42055.548510742185,-0.4155314127638121,44426.703125,44428.40234375
4,14,40,2,1e-10,46923.75173926538,46923.53584703549,-0.21589222989132395,46036.14453125,46034.4921875
4,14,40,3,1e-10,40422.6710911801,40420.54706131785,-2.124029862250609,48118.71875,48116.62890625
4,14,40,4,1e-10,32683.251015625,32683.4015625,0.15054687500014552,34005.05078125,34005.046875
4,20,20,0,1e-10,59241.783940741356,59240.574265500334,-1.209675241021614,50385.0859375,50385.65234375
4,20,20,1,1e-10,73402.35018076796,73407.15633830619,4.806157538230764,62267.6171875,62267.49609375
4,20,20,2,1e-10,57514.31332749587,57518.367905836836,4.054578340968874,65071.51953125,65079.15625
4,20,20,3,1e-10,88866.01586914062,88866.21988932292,0.2040201822965173,62297.234375,62298.03125
4,20,20,4,1e-10,74405.92234946197,74409.678522074,3.7561726120329695,66288.390625,66289.6015625
4,20,40,0,1e-10,47566.23321892234,47567.550259459254,1.3170405369164655,58546.25390625,58547.08984375
4,20,40,1,1e-10,33100.938837095746,33101.11951535247,0.1806782567218761,42223.01171875,42221.08984375
4,20,40,2,1e-10,44659.40194402957,44660.45840274586,1.0564587162953103,55684.8671875,55683.90625
4,20,40,3,1e-10,97890.5614790483,97887.63800603693,-2.923473011367605,63731.24609375,63729.54296875
4,20,40,4,1e-10,44970.90856170654,44968.11019897461,-2.7983627319335938,52952.4765625,52949.65234375
5,1,20,0,1e-10,11455.035205078126,11454.82681640625,-0.20838867187558208,12275.9169921875,12276.04296875
5,1,20,1,1e-10,13543.768880208334,13543.3837890625,-0.38509114583393966,12810.767578125,12810.6201171875
5,1,20,2,1e-10,17373.008347455194,17373.21968347886,0.21133602366535342,12766.2373046875,12766.1748046875
5,1,20,3,1e-10,16502.555426989104,16502.450334729645,-0.10509225945861544,12857.26953125,12857.2314453125
5,1,20,4,1e-10,16995.80274483817,16995.321480887276,-0.4812639508927532,12538.400390625,12537.9384765625
5,1,40,0,1e-10,18154.739341998924,18154.38333866514,-0.3560033337853383,13400.0634765625,13399.93359375
5,1,40,1,1e-10,14087.074199131557,14087.087649754116,0.01345062255859375,12810.869140625,12810.8037109375
5,1,40,2,1e-10,15907.98106060606,15908.179132634943,0.1980720288829616,12864.748046875,12864.9658203125
5,1,40,3,1e-10,17431.48179955576,17433.025646733302,1.5438471775414655,13400.326171875,13400.4013671875
5,1,40,4,1e-10,13681.28440067686,13681.506252946525,0.2218522696657601,13042.8623046875,13042.98828125
5,7,20,0,1e-10,52743.88575503701,52743.217346191406,-0.6684088456022437,40904.0078125,40903.2109375
5,7,20,1,1e-10,50919.63064778646,50918.38372395833,-1.2469238281264552,47105.94140625,47103.27734375
5,7,20,2,1e-10,59525.55717654344,59529.30038228849,3.743205745049636,50893.66796875,50893.390625
5,7,20,3,1e-10,50082.06547732469,50081.053502524774,-1.0119747999196989,40371.0546875,40371.23046875
5,7,20,4,1e-10,52539.99178059896,52536.00604248047,-3.9857381184920087,44171.54296875,44168.75
5,7,40,0,1e-10,43771.81715820313,43772.26229492188,0.44513671875029104,44529.10546875,44529.69140625
5,7,40,1,1e-10,54566.02582465278,54557.82986111111,-8.195963541671517,43680.2578125,43677.71875
5,7,40,2,1e-10,48856.79791372794,48859.80906055592,3.011146827979246,42290.81640625,42291.2578125
5,7,40,3,1e-10,46261.42116411994,46262.726483513325,1.305319393381069,50389.69140625,50388.8125
5,7,40,4,1e-10,43670.370598493304,43668.55880998884,-1.8117885044630384,35489.1484375,35487.1171875
5,14,20,0,1e-10,108720.2925961143,108716.70690275493,-3.585693359375,87017.4375,87018.265625
5,14,20,1,1e-10,101007.39524808843,101000.80078644448,-6.594461643951945,84278.0859375,84270.359375
5,14,20,2,1e-10,101415.78605076524,101422.0025114466,6.216460681360331,89773.3359375,89781.015625
5,14,20,3,1e-10,91460.74682062323,91458.58853426846,-2.15828635476646,77822.6953125,77821.2578125
5,14,20,4,1e-10,81753.18896982621,81744.62521175462,-8.563758071584743,69693.796875,69687.84375
5,14,40,0,1e-10,49009.287289089625,49012.77169121636,3.4844021267344942,59971.21484375,59974.1796875
5,14,40,1,1e-10,56284.64493164062,56286.497890625,1.852958984381985,66850.8515625,66854.3984375
5,14,40,2,1e-10,71061.05808940687,71069.55181884766,8.49372944078641,75913.8828125,75920.6484375
5,14,40,3,1e-10,57735.33735148112,57732.83659532335,-2.5007561577658635,64884.4921875,64878.265625
5,14,40,4,1e-10,49211.06825814596,49215.29904100372,4.230782857754093,58601.99609375,58605.515625
5,20,20,0,1e-10,117325.1996459961,117321.33759562175,-3.8620503743441077,110458.34375,110459.1484375
5,20,20,1,1e-10,132252.398043119,132243.7240178035,-8.67402531550033,108276.703125,108270.5234375
5,20,20,2,1e-10,91462.17233058384,91464.7383052281,2.565974644254311,94144.328125,94148.171875
5,20,20,3,1e-10,90389.85439300537,90386.032573155,-3.8218198503745953,93611.671875,93606.0390625
5,20,20,4,1e-10,105983.41986301968,105985.75969151089,2.3398284912109375,91725.234375,91725.1640625
5,20,40,0,1e-10,91275.16775716146,91269.8904296875,-5.2773274739593035,111949.3203125,111943.0546875
5,20,40,1,1e-10,88343.7732925415,88333.40271759033,-10.370574951171875,102961.3515625,102955.1484375
5,20,40,2,1e-10,85581.43440343157,85585.8746476958,4.440244264231296,103463.46875,103469.90625
5,20,40,3,1e-10,98755.28303825081,98756.51135095373,1.228312702922267,115518.5546875,115517.3125
5,20,40,4,1e-10,119370.47616811898,119366.89805146567,-3.5781166533124633,117955.8046875,117954.640625
1,1,20,0,0.01,279.5367114827037,625.2708810941137,345.73416961141004,264.4375,533.992431640625
1,1,20,0,0.001,279.5367123350501,547.5736393928528,268.0369270578027,264.4375,297.5648498535156
1,1,20,1,0.01,344.7324400876844,288.9179020282385,-55.81453805944591,261.1551513671875,260.1375732421875
1,1,20,1,0.001,344.7324405783831,318.1734198246683,-26.559020753714776,261.1551513671875,253.1753692626953
1,1,20,2,0.01,310.6605135032109,182.0303785113965,-128.6301349918144,264.3926696777344,233.06417846679688
1,1,20,2,0.001,310.66051451648985,323.14955060482026,12.489036088330408,264.3927001953125,246.02403259277344
1,1,20,3,0.01,313.3095869432416,463.29219289620715,149.98260595296557,279.51409912109375,374.8840637207031
1,1,20,3,0.001,313.30958586408383,316.01214970391374,2.7025638398299066,279.51409912109375,297.1745910644531
1,1,20,4,0.01,270.777186600601,369.0904535452525,98.3132669446515,267.5738220214844,427.0414733886719
1,1,20,4,0.001,270.7771877646446,259.0708658516407,-11.706321913003933,267.5738525390625,294.31158447265625
1,1,40,0,0.01,387.9220828296226,732.3306307792664,344.4085479496438,288.4693603515625,491.5820617675781
1,1,40,0,0.001,387.9220835654824,394.6815961751071,6.7595126096246645,288.4693603515625,304.21063232421875
1,1,40,1,0.01,295.1471257899937,604.079492521286,308.93236673129235,268.7698669433594,624.4119873046875
1,1,40,1,0.001,295.1471247986743,39.950302314758304,-255.19682248391604,268.7698669433594,314.13330078125
1,1,40,2,0.01,354.5966375380434,242.33811950683594,-112.25851803120747,279.87353515625,545.7554321289062
1,1,40,2,0.001,354.5966385814451,327.185506699302,-27.41113188214314,279.87353515625,283.2051086425781
1,1,40,3,0.01,266.845138762818,448.6095097732544,181.76437101043638,257.7142333984375,400.9471130371094
1,1,40,3,0.001,266.84513794203275,253.972305117913,-12.87283282411974,257.71417236328125,239.5401153564453
1,1,40,4,0.01,300.39545612865027,503.3144565309797,202.91900040232946,270.65484619140625,356.715087890625
1,1,40,4,0.001,300.39545612865027,305.8407830436631,5.445326915012856,270.65484619140625,254.11016845703125
1,7,20,0,0.01,1095.4829598703693,3565.2297093073526,2469.746749436983,716.50341796875,1628.8958740234375
1,7,20,0,0.001,1095.4829534715223,1014.3630656148051,-81.11988785671713,716.5034790039062,627.0983276367188
1,7,20,1,0.01,1221.9743511058666,-5303.389846801758,-6525.364197907625,1086.645751953125,3005.8515625
1,7,20,1,0.001,1221.9743578875507,-205.38018798828125,-1427.354545875832,1086.645751953125,1030.272705078125
1,7,20,2,0.01,1243.42961324056,899.4158424377441,-344.0137708028159,1036.79638671875,1856.818603515625
1,7,20,2,0.001,1243.4296142578125,1702.154890207144,458.7252759493315,1036.796142578125,1051.1744384765625
1,7,20,3,0.01,1643.9876093334622,-7686.635335286458,-9330.62294461992,1031.119384765625,-7337.798828125
1,7,20,3,0.001,1643.9876199298435,5970.373186383928,4326.385566454085,1031.119384765625,2871.153076171875
1,7,20,4,0.01,874.3738995213663,2744.5631423223585,1870.1892428009924,821.6822509765625,2505.1474609375
1,7,20,4,0.001,874.3738974294355,1453.5914894816387,579.2175920522033,821.6822509765625,1518.7230224609375
1,7,40,0,0.01,1821.4843281337194,-6079.586669921875,-7901.070998055595,1241.054443359375,3682.9228515625
1,7,40,0,0.001,1821.4843332199823,1616.7629013061523,-204.72143191382997,1241.054443359375,1462.597412109375
1,7,40,1,0.01,1224.3913575196877,6305.319063626803,5080.927706107115,908.0845947265625,4894.50830078125
1,7,40,1,0.001,1224.3913591825044,1711.3862858262173,486.9949266437129,908.0845947265625,1281.457275390625
1,7,40,2,0.01,1745.5303179423015,1575.6944892589863,-169.83582868331519,1402.963623046875,3153.24951171875
1,7,40,2,0.001,1745.530337924049,1196.1038208007812,-549.4265171232678,1402.9637451171875,3013.948486328125
1,7,40,3,0.01,1360.9466594349253,5918.228992907206,4557.282333472281,1286.78173828125,4198.12353515625
1,7,40,3,0.001,1360.9466635964134,2630.9771529487944,1270.030489352381,1286.7818603515625,2053.088134765625
1,7,40,4,0.01,1726.8203109429808,2143.2467041015625,416.42639315858173,1182.830810546875,3968.991455078125
1,7,40,4,0.001,1726.820305960519,1520.3628854751587,-206.45742048536022,1182.830810546875,1014.1237182617188
1,14,20,0,0.01,2170.6631381423385,1195.2537618001302,-975.4093763422084,1777.4505615234375,1002.6410522460938
1,14,20,0,0.001,2170.6631367294876,1339.3851747051363,-831.2779620243514,1777.4505615234375,1160.7960205078125
1,14,20,1,0.01,2742.0389731270925,651.1607055664062,-2090.8782675606863,2576.473388671875,1967.854736328125
1,14,20,1,0.001,2742.0389763968333,119.53934733072917,-2622.4996290661043,2576.473388671875,1237.6546630859375
1,14,20,2,0.01,2926.521243794759,4260.643972275105,1334.1227284803458,1936.4171142578125,4363.8759765625
1,14,20,2,0.001,2926.521250915527,2800.9186030177325,-125.60264789779467,1936.4171142578125,2357.082275390625
1,14,20,3,0.01,3250.436479695638,1271.7035219347156,-1978.7329577609223,2340.936767578125,2317.00048828125
1,14,20,3,0.001,3250.4364634195963,2224.6772480010986,-1025.7592154184977,2340.936767578125,2365.227783203125
1,14,20,4,0.01,2882.6725398472377,2713.5341796875,-169.13836015973766,2235.2109375,12975.63671875
1,14,20,4,0.001,2882.672544206892,3669.42394595676,786.7514017498679,2235.2109375,2392.89501953125
1,14,40,0,0.01,2498.0532727922714,-178.9915771484375,-2677.044849940709,2511.505126953125,1649.7064208984375
1,14,40,0,0.001,2498.053259713309,2622.7243006089157,124.67104089560644,2511.505126953125,2745.418701171875
1,14,40,1,0.01,2690.1612053765193,16381.926655430947,13691.765450054427,2183.782470703125,7596.31787109375
1,14,40,1,0.001,2690.161201985677,-1465.8041687011719,-4155.9653706868485,2183.782470703125,4494.388671875
1,14,40,2,0.01,3088.835757606908,6281.579417280717,3192.7436596738094,3349.810791015625,6077.962890625
1,14,40,2,0.001,3088.8357468989857,4262.132819366455,1173.2970724674692,3349.810546875,3835.314453125
1,14,40,3,0.01,3478.842248535156,23925.417902265275,20446.57565373012,2868.434814453125,9400.828125
1,14,40,3,0.001,3478.8422216796876,5281.380947169973,1802.5387254902857,2868.434814453125,4989.5478515625
1,14,40,4,0.01,3057.7115236170152,39516.44198172433,36458.73045810732,2666.336669921875,25571.13671875
1,14,40,4,0.001,3057.711487713982,2987.0735760602083,-70.6379116537737,2666.336669921875,2800.061767578125
1,20,20,0,0.01,3958.5880680790656,-1172.1800537109375,-5130.768121790003,2608.621337890625,3603.524658203125
1,20,20,0,0.001,3958.5880601671006,1447.538239739158,-2511.049820427943,2608.621337890625,909.7547607421875
1,20,20,1,0.01,4911.706102724428,4047.2623445510862,-864.4437581733418,3691.514404296875,3251.14892578125
1,20,20,1,0.001,4911.706092551903,3000.227936615815,-1911.4781559360877,3691.51416015625,2771.269287109375
1,20,20,2,0.01,4382.5804548592405,12722.74823067405,8340.167775814809,3218.43359375,14102.69921875
1,20,20,2,0.001,4382.58045591157,3413.709193288544,-968.8712626230263,3218.43359375,3249.40966796875
1,20,20,3,0.01,4157.381539682242,2686.483375082211,-1470.8981646000311,4020.003173828125,4611.4404296875
1,20,20,3,0.001,4157.381533109225,4105.582532765914,-51.79900034331058,4020.003173828125,3355.70751953125
1,20,20,4,0.01,4580.6911022258255,3353.060350858248,-1227.6307513675774,3828.08349609375,3338.852783203125
1,20,20,4,0.001,4580.691104529039,3133.3748508576423,-1447.3162536713967,3828.084228515625,2187.849609375
1,20,40,0,0.01,6089.616953203755,7024.765869140625,935.1489159368703,5539.05810546875,12150.646484375
1,20,40,0,0.001,6089.617002425655,6285.067470005581,195.45046757992532,5539.05810546875,5750.2275390625
1,20,40,1,0.01,5366.989173041449,2413.00244140625,-2953.9867316351992,4791.9765625,12484.8759765625
1,20,40,1,0.001,5366.989171346028,3028.9833017985025,-2338.005869547526,4791.9765625,2934.94921875
1,20,40,2,0.01,3627.5329464183133,9128.289915054564,5500.75696863625,4080.188232421875,15058.1806640625
1,20,40,2,0.001,3627.5329320571,2845.015348307292,-782.5175837498082,4080.188232421875,2366.278564453125
1,20,40,3,0.01,6180.5848854466485,15865.02689743042,9684.44201198377,5484.57958984375,11563.89453125
1,20,40,3,0.001,6180.584864566201,6080.934097168937,-99.65076739726373,5484.57958984375,5100.37451171875
1,20,40,4,0.01,4813.801511702999,22749.81130642361,17936.00979472061,3368.350830078125,9198.1240234375
1,20,40,4,0.001,4813.801535329511,5327.075048006498,513.2735126769867,3368.350830078125,5673.71240234375
2,1,20,0,0.01,1628.4722892274249,3312.7018042095638,1684.2295149821389,1234.756103515625,2811.5146484375
2,1,20,0,0.001,1628.4722892274249,2037.9489421438664,409.4766529164415,1234.756103515625,1537.6123046875
2,1,20,1,0.01,1570.9483951568604,4519.176422664097,2948.2280275072367,1244.5101318359375,6611.615234375
2,1,20,1,0.001,1570.94839108785,1681.6229523406632,110.67456125281319,1244.5101318359375,1443.3240966796875
2,1,20,2,0.01,1637.9496872390525,3794.849216308594,2156.899529069541,1198.8111572265625,2084.60693359375
2,1,20,2,0.001,1637.9496806047964,2137.6966089709053,499.74692836610893,1198.8111572265625,1238.2615966796875
2,1,20,3,0.01,2386.8178681593677,2791.308212849631,404.49034469026356,1262.5361328125,2030.295654296875
2,1,20,3,0.001,2386.8178540743315,1905.0218920026507,-481.79596207168083,1262.5361328125,1382.219970703125
2,1,20,4,0.01,1598.4076492021668,1778.03163466915,179.62398546698319,1262.2353515625,1087.18115234375
2,1,20,4,0.001,1598.407648914265,1456.7888975663618,-141.6187513479033,1262.2353515625,1271.9703369140625
2,1,40,0,0.01,1352.3700896043044,1592.8311647203234,240.46107511601895,1242.30224609375,1493.969970703125
2,1,40,0,0.001,1352.3700887239897,1494.4748475364086,142.10475881241882,1242.30224609375,1228.9471435546875
2,1,40,1,0.01,1357.2658500671387,-22.08648681640625,-1379.352336883545,1313.764892578125,11324.705078125
2,1,40,1,0.001,1357.2658476148333,1545.4738067626954,188.20795914786208,1313.764892578125,1356.199462890625
2,1,40,2,0.01,1532.239405216315,4595.785926099094,3063.5465208827786,1316.906982421875,2792.67822265625
2,1,40,2,0.001,1532.2394043115469,1509.0370192094283,-23.20238510211857,1316.9068603515625,1299.6702880859375
2,1,40,3,0.01,1382.397284074263,-8445.277709960938,-9827.6749940352,1277.7969970703125,-6924.56396484375
2,1,40,3,0.001,1382.397284074263,1606.6633655841533,224.26608150989023,1277.7969970703125,1673.50439453125
2,1,40,4,0.01,1538.503851056099,-10479.17626953125,-12017.680120587349,1293.9525146484375,-5719.95556640625
2,1,40,4,0.001,1538.5038488705952,1328.351726804461,-210.15212206613432,1293.9525146484375,1561.75048828125
2,7,20,0,0.01,3245.8414977273824,14016.2724609375,10770.430963210118,3463.72705078125,15086.578125
2,7,20,0,0.001,3245.8414830337338,5474.582799188022,2228.7413161542886,3463.72705078125,5115.388671875
2,7,20,1,0.01,3816.2741065979003,11499.803903680098,7683.529797082198,3148.7490234375,8540.1396484375
2,7,20,1,0.001,3816.274102020264,4730.795773058053,914.521671037789,3148.7490234375,3657.10595703125
2,7,20,2,0.01,6011.1408685956685,26359.892852334415,20348.751983738744,3660.505859375,20192.720703125
2,7,20,2,0.001,6011.140866415842,7410.366362985575,1399.225496569733,3660.505859375,5366.41015625
2,7,20,3,0.01,6806.618224272856,10846.131260009039,4039.5130357361822,4251.74755859375,9844.1083984375
2,7,20,3,0.001,6806.618221798459,5031.4401020250825,-1775.1781197733762,4251.74755859375,3638.720947265625
2,7,20,4,0.01,6381.9360275268555,30477.174267578124,24095.23824005127,4490.52685546875,25677.287109375
2,7,20,4,0.001,6381.936022831844,6623.3600241238955,241.4240012920518,4490.52685546875,6256.23828125
2,7,40,0,0.01,6253.018967848558,88813.64808238637,82560.6291145378,3857.459716796875,20677.013671875
2,7,40,0,0.001,6253.018971369816,7362.768344672951,1109.7493733031342,3857.459716796875,3865.06103515625
2,7,40,1,0.01,4665.632088702658,15554.265045166016,10888.632956463358,3508.839111328125,14673.76171875
2,7,40,1,0.001,4665.632100644319,6441.453858820597,1775.8217581762783,3508.839111328125,4824.86376953125
2,7,40,2,0.01,5522.218599541243,66886.44389648437,61364.22529694313,4503.650390625,22816.46484375
2,7,40,2,0.001,5522.218612316043,20664.439029947916,15142.220417631874,4503.650390625,7708.5947265625
2,7,40,3,0.01,5600.241105957031,29134.936113085067,23534.695007128037,4244.6826171875,33789.10546875
2,7,40,3,0.001,5600.241086425781,6224.729399908157,624.4883134823758,4244.6826171875,6716.77197265625
2,7,40,4,0.01,4717.017571393181,34823.85346137153,30106.83588997835,4879.16162109375,22365.189453125
2,7,40,4,0.001,4717.017568700454,7258.169669126853,2541.1521004263986,4879.16162109375,6621.1787109375
2,14,20,0,0.01,6956.585344341439,136142.8624008641,129186.27705652267,6844.2138671875,175187.1875
2,14,20,0,0.001,6956.585333595814,7831.899261474609,875.3139278787958,6844.2138671875,13815.05859375
2,14,20,1,0.01,8767.806007179053,-14415.9560546875,-23183.762061866553,6959.6083984375,13432.34375
2,14,20,1,0.001,8767.805960990287,13142.7172294285,4374.911268438213,6959.6083984375,11009.5126953125
2,14,20,2,0.01,10360.260285321405,35500.026798793246,25139.76651347184,7170.5380859375,16122.462890625
2,14,20,2,0.001,10360.260289809283,8483.854766845703,-1876.4055229635796,7170.5380859375,7623.1806640625
2,14,20,3,0.01,9291.90253155048,61426.66051136364,52134.75797981316,7128.1904296875,28764.150390625
2,14,20,3,0.001,9291.90253155048,19784.06069429042,10492.15816273994,7128.1904296875,12872.16796875
2,14,20,4,0.01,7287.408114858774,99795.63950563826,92508.23139077949,6369.3203125,36393.8359375
2,14,20,4,0.001,7287.408115328275,22691.684345499674,15404.2762301714,6369.3203125,14364.1181640625
2,14,40,0,0.01,9482.060729980469,464045.98140625,454563.9206762695,7460.7783203125,396576.65625
2,14,40,0,0.001,9482.060735066732,16583.753771742184,7101.693036675451,7460.7783203125,13312.2705078125
2,14,40,1,0.01,8431.442692347935,34922.1610130454,26490.718320697466,7963.42431640625,31645.623046875
2,14,40,1,0.001,8431.442690894717,13508.592797173395,5077.150106278677,7963.42431640625,12643.7958984375
2,14,40,2,0.01,5880.75628858997,28618.9288576816,22738.17256909163,6305.33740234375,14911.302734375
2,14,40,2,0.001,5880.756310739825,5716.460612378802,-164.29569836102291,6305.33740234375,6193.73193359375
2,14,40,3,0.01,7685.543053821125,-98677.1328125,-106362.67586632112,7248.4814453125,-125424.6328125
2,14,40,3,0.001,7685.543077316959,18024.3486328125,10338.80555549554,7248.4814453125,12142.361328125
2,14,40,4,0.01,7145.971590576172,73863.0,66717.02840942383,6884.86279296875,21524.84375
2,14,40,4,0.001,7145.971575927734,32440.447021484375,25294.47544555664,6884.86279296875,12176.9873046875
2,20,20,0,0.01,11017.019762722952,-68174.26953125,-79191.28929397295,9470.3505859375,-99840.0859375
2,20,20,0,0.001,11017.019747752063,-7808.5989990234375,-18825.6187467755,9470.3505859375,12864.396484375
2,20,20,1,0.01,10760.900776672363,12800.606269836426,2039.7054931640632,11227.1005859375,12869.919921875
2,20,20,1,0.001,10760.900788879395,14123.460658874512,3362.559869995117,11227.1005859375,9244.7431640625
2,20,20,2,0.01,10267.170844338158,7936.388346354167,-2330.7824979839907,10629.67578125,293663.875
2,20,20,2,0.001,10267.170860984108,11794.109225374981,1526.9383643908732,10629.67578125,17354.22265625
2,20,20,3,0.01,8847.779868316651,85163.77634595789,76315.99647764124,8729.1396484375,36162.29296875
2,20,20,3,0.001,8847.77986755371,20277.507657877602,11429.727790323892,8729.140625,14530.1474609375
2,20,20,4,0.01,9379.921705099252,-176961.6953125,-186341.61701759926,9609.189453125,-209298.578125
2,20,20,4,0.001,9379.921707446758,-1201.73095703125,-10581.652664478008,9609.189453125,20971.974609375
2,20,40,0,0.01,10126.85444400185,313981.79185546876,303854.9374114669,9926.33984375,432449.46875
2,20,40,0,0.001,10126.85444962351,8592.08744208018,-1534.7670075433307,9926.33984375,11074.7568359375
2,20,40,1,0.01,9296.333330172936,29914.94921875,20618.615888577064,8471.41796875,58090.39453125
2,20,40,1,0.001,9296.333302025656,36090.28698730469,26793.953685279033,8471.41796875,18592.384765625
2,20,40,2,0.01,13160.390620181435,-7503840.265625,-7517000.656245181,12387.9677734375,-1517256.75
2,20,40,2,0.001,13160.390608135023,10113.144074258926,-3047.2465338760976,12387.9677734375,12350.6533203125
2,20,40,3,0.01,10902.927498750909,108883.70084083687,97980.77334208596,10874.4951171875,103012.4609375
2,20,40,3,0.001,10902.927534236464,155606.75219726562,144703.82466302917,10874.4951171875,36005.54296875
2,20,40,4,0.01,15555.910369873047,79843.05595179966,64287.14558192661,9619.025390625,58059.453125
2,20,40,4,0.001,15555.910283406576,21663.14834780809,6107.238064401516,9619.025390625,16160.77734375
3,1,20,0,0.01,5313.869047081988,20451.41508417544,15137.546037093452,3376.57080078125,10494.2978515625
3,1,20,0,0.001,5313.869022535241,8350.624889232495,3036.7558666972536,3376.57080078125,4183.15771484375
3,1,20,1,0.01,5096.344495239257,10330.243264770508,5233.898769531251,3270.705078125,7808.93408203125
3,1,20,1,0.001,5096.344505004883,6284.826000213623,1188.48149520874,3270.705078125,3450.034912109375
3,1,20,2,0.01,3628.209208960672,-2359.3809509277344,-5987.590159888407,3329.85791015625,3010.493896484375
3,1,20,2,0.001,3628.2092163678512,5497.844614664714,1869.6353982968626,3329.85791015625,3647.805908203125
3,1,20,3,0.01,4234.872581481934,7998.929476198943,3764.0568947170095,3332.4658203125,4516.52197265625
3,1,20,3,0.001,4234.872597830637,4904.2373777117045,669.364779881068,3332.4658203125,3648.250732421875
3,1,20,4,0.01,3958.4366275699995,8091.51214796497,4133.07552039497,3481.0869140625,22144.291015625
3,1,20,4,0.001,3958.4366462066882,5960.807282366071,2002.3706361593831,3481.087158203125,4085.2294921875
3,1,40,0,0.01,4413.4319836692475,-1640.9710693359375,-6054.403053005185,3575.3837890625,-12112.6337890625
3,1,40,0,0.001,4413.431986901613,7946.505719866072,3533.073732964459,3575.3837890625,3965.8583984375
3,1,40,1,0.01,4223.706872122629,94775.54124273256,90551.83437060994,3503.720458984375,95627.6953125
3,1,40,1,0.001,4223.706862157705,6418.145036177201,2194.4381740194967,3503.720458984375,4674.33447265625
3,1,40,2,0.01,6186.452793666294,1475.7978515625,-4710.654942103794,3388.769287109375,-16182.0087890625
3,1,40,2,0.001,6186.4527587890625,7503.73980658395,1317.2870477948873,3388.769287109375,4286.34765625
3,1,40,3,0.01,3808.649727845803,719.1354166666666,-3089.5143111791367,3440.734130859375,6614.99609375
3,1,40,3,0.001,3808.649745060847,4513.609363858662,704.9596187978145,3440.734619140625,2670.895751953125
3,1,40,4,0.01,3743.490928454277,17828.80900394215,14085.318075487874,3361.80810546875,12516.8486328125
3,1,40,4,0.001,3743.490944104317,6085.0249505294,2341.5340064250827,3361.80810546875,3831.08837890625
3,7,20,0,0.01,10632.851974487305,-3166.412109375,-13799.264083862305,9552.0390625,33056.96484375
3,7,20,0,0.001,10632.851947360568,14415.042084612165,3782.1901372515968,9552.0390625,10327.6953125
3,7,20,1,0.01,11707.863082885742,31853.235556425872,20145.37247354013,12772.1416015625,25385.138671875
3,7,20,1,0.001,11707.86302947998,15139.305866455765,3431.4428369757843,12772.1416015625,15231.5654296875
3,7,20,2,0.01,9990.675090183722,277.1015625,-9713.573527683722,11297.970703125,-90576.265625
3,7,20,2,0.001,9990.675099880897,44412.4345703125,34421.7594704316,11297.970703125,18826.78515625
3,7,20,3,0.01,13871.726564803213,-135007.1484375,-148878.87500230322,11735.9462890625,-272453.0625
3,7,20,3,0.001,13871.726568258033,40070.83311896489,26199.106550706856,11735.9462890625,42399.1953125
3,7,20,4,0.01,11377.599917941623,20925.970458984375,9548.370541042752,12644.2392578125,16051.39453125
3,7,20,4,0.001,11377.59992839672,13052.062974756414,1674.463046359695,12644.2392578125,11885.5439453125
3,7,40,0,0.01,10194.512686336742,40646.6793016003,30452.16661526356,9660.3974609375,25520.287109375
3,7,40,0,0.001,10194.512688131894,11348.923458099365,1154.4107699674714,9660.3974609375,11475.0986328125
3,7,40,1,0.01,14354.450390625,154462.291015625,140107.840625,12726.95703125,139397.53125
3,7,40,1,0.001,14354.450380859374,16546.657715211433,2192.2073343520588,12726.9580078125,20353.333984375
3,7,40,2,0.01,11034.789583333333,-143272.369140625,-154307.15872395833,9913.3505859375,-236927.859375
3,7,40,2,0.001,11034.789518229167,27391.648576122217,16356.85905789305,9913.3505859375,25097.470703125
3,7,40,3,0.01,8594.30010538737,80596.87863420759,72002.57852882022,8569.15625,40591.5859375
3,7,40,3,0.001,8594.300093994141,21523.363192329944,12929.063098335802,8569.1552734375,13723.7421875
3,7,40,4,0.01,11307.802215576172,201513.4373446378,190205.63512906161,13054.4208984375,78014.7109375
3,7,40,4,0.001,11307.80222429548,20484.18243947105,9176.38021517557,13054.4208984375,16245.39453125
3,14,20,0,0.01,32507.151506696428,474174.65402832034,441667.5025216239,18029.623046875,468186.84375
3,14,20,0,0.001,32507.150355747766,31868.5733473036,-638.5770084441647,18029.62109375,29643.1328125
3,14,20,1,0.01,26462.722882634942,281846.8224642479,255384.09958161294,22556.0703125,106459.1875
3,14,20,1,0.001,26462.722884854404,101764.5368408203,75301.8139559659,22556.0703125,55469.109375
3,14,20,2,0.01,23976.31404296875,368322.4723165761,344346.1582736074,20830.685546875,176692.3125
3,14,20,2,0.001,23976.313901367186,178214.23433645148,154237.9204350843,20830.685546875,61682.12109375
3,14,20,3,0.01,20775.25244140625,-3762.9448852539062,-24538.197326660156,18727.146484375,27435.380859375
3,14,20,3,0.001,20775.252383825915,665.5168313980103,-20109.735552427905,18727.146484375,16174.9990234375
3,14,20,4,0.01,17876.111962359886,-8940.96875,-26817.080712359886,14171.29296875,33611.13671875
3,14,20,4,0.001,17876.11196103303,47663.16441258844,29787.05245155541,14171.29296875,18399.02734375
3,14,40,0,0.01,27508.66392686632,53046.77362456879,25538.10969770247,22234.8984375,92842.5703125
3,14,40,0,0.001,27508.663920084637,36269.45001220703,8760.786092122395,22234.8984375,36956.83984375
3,14,40,1,0.01,17008.408849080402,227326.9901194853,210318.5812704049,17628.087890625,87723.296875
3,14,40,1,0.001,17008.4088083903,75618.95740234375,58610.54859395344,17628.087890625,37887.16796875
3,14,40,2,0.01,18958.763297526042,185679.81619170218,166721.05289417613,20945.083984375,98671.03125
3,14,40,2,0.001,18958.763273111977,-3343.7632954915366,-22302.526568603513,20945.08203125,37472.7109375
3,14,40,3,0.01,20400.01437547472,-60180.375,-80580.38937547471,21170.357421875,73716.0703125
3,14,40,3,0.001,20400.014585706922,174557.92748046876,154157.91289476183,21170.357421875,66173.34375
3,14,40,4,0.01,22138.140872192384,220804.06742931547,198665.92655712308,19634.98828125,99443.1328125
3,14,40,4,0.001,22138.140931193033,338986.859375,316848.718443807,19634.98828125,82236.296875
3,20,20,0,0.01,25561.209714889526,81780.140625,56218.93091011047,27939.359375,-210617.921875
3,20,20,0,0.001,25561.209726969402,164030.54555376837,138469.33582679898,27939.359375,90238.0546875
3,20,20,1,0.01,29716.070515182782,2041227.2732421875,2011511.2027270047,27996.869140625,1101228.625
3,20,20,1,0.001,29716.07054512456,59082.94784349011,29366.87729836555,27996.869140625,45929.51953125
3,20,20,2,0.01,20413.878833007813,598838.3764204546,578424.4975874468,22847.875,138810.421875
3,20,20,2,0.001,20413.87882798139,51013.62122395833,30599.742395976944,22847.875,22885.916015625
3,20,20,3,0.01,27847.935266373006,-146284.421875,-174132.357141373,24068.892578125,-757544.4375
3,20,20,3,0.001,27847.935084566157,82023.19852701823,54175.26344245208,24068.892578125,74957.3515625
3,20,20,4,0.01,41602.14384765625,166102.32421875,124500.18037109375,28667.958984375,95308.5390625
3,20,20,4,0.001,41602.14384765625,48656.84409321056,7054.700245554312,28667.958984375,56019.390625
3,20,40,0,0.01,36181.150922851564,-4991808.875,-5027990.025922852,33472.2265625,-1243073.5
3,20,40,0,0.001,36181.15089355469,159602.05912642044,123420.90823286575,33472.2265625,74033.125
3,20,40,1,0.01,24828.805666031378,693023.7138349931,668194.9081689616,28613.677734375,351840.96875
3,20,40,1,0.001,24828.805630591607,199075.67352430554,174246.86789371393,28613.67578125,123067.0234375
3,20,40,2,0.01,22620.657895174892,666627.8550292968,644007.1971341219,23452.6875,405723.65625
3,20,40,2,0.001,22620.657906272194,177603.40317007212,154982.74526379994,23452.685546875,50019.23046875
3,20,40,3,0.01,29234.126297321727,2692760.984375,2663526.8580776784,27610.921875,2088496.5
3,20,40,3,0.001,29234.126294724483,123262.51030273437,94028.38400800989,27610.921875,87573.6484375
3,20,40,4,0.01,29786.124880323223,21892251.527777776,21862465.40289745,30996.294921875,12202595.0
3,20,40,4,0.001,29786.124808517157,169122.61889648438,139336.4940879672,30996.294921875,148014.984375
4,1,20,0,0.01,8722.455925835504,14735.662922208272,6013.206996372768,6857.677734375,9087.7744140625
4,1,20,0,0.001,8722.455943274119,10834.246117001489,2111.7901737273696,6857.677734375,7524.41796875
4,1,20,1,0.01,8930.121287626378,189921.10961914062,180990.98833151424,7095.79150390625,108147.6953125
4,1,20,1,0.001,8930.121287626378,13183.02142578125,4252.9001381548715,7095.79150390625,8009.5927734375
4,1,20,2,0.01,8697.352976152973,-27004.4716796875,-35701.82465584047,6831.75439453125,20994.65234375
4,1,20,2,0.001,8697.352976152973,12493.411473190576,3796.058497037602,6831.75439453125,8798.361328125
4,1,20,3,0.01,6676.564799915661,15180.42451171875,8503.859711803088,7106.1884765625,-16690.52734375
4,1,20,3,0.001,6676.564811012961,8491.735024406797,1815.1702133938352,7106.1884765625,6655.78564453125
4,1,20,4,0.01,9253.243621250369,10349.057718479888,1095.8140972295187,7058.0947265625,7509.2958984375
4,1,20,4,0.001,9253.243616643942,9634.356994628906,381.11337798496425,7058.0947265625,5367.0048828125
4,1,40,0,0.01,7175.778259277344,66124.58659296451,58948.808333687164,7279.67529296875,44889.7421875
4,1,40,0,0.001,7175.778255789621,15350.545194981461,8174.766939191841,7279.67529296875,9836.46875
4,1,40,1,0.01,8124.00927734375,26347.021826171876,18223.012548828126,7107.03466796875,19192.861328125
4,1,40,1,0.001,8124.009250217014,12226.157374790737,4102.148124573723,7107.03466796875,8219.09765625
4,1,40,2,0.01,9478.703243195065,84879.27276785714,75400.56952466207,7092.7666015625,30616.896484375
4,1,40,2,0.001,9478.703297448537,15062.90334211077,5584.200044662233,7092.7666015625,8857.634765625
4,1,40,3,0.01,7220.593155343192,167451.63139011548,160231.03823477228,7359.90234375,130365.1015625
4,1,40,3,0.001,7220.593172781808,17940.820098876953,10720.226926095145,7359.90234375,11394.212890625
4,1,40,4,0.01,7013.8318721886835,29114.439752197264,22100.60788000858,7152.087890625,27789.76171875
4,1,40,4,0.001,7013.8318795868845,8683.77565391391,1669.9437743270255,7152.0869140625,8145.45751953125
4,7,20,0,0.01,24523.132119750975,-175312.59375,-199835.72586975098,23259.25,-258639.9375
4,7,20,0,0.001,24523.13218282064,32116.2733201247,7593.141137304061,23259.25,26957.029296875
4,7,20,1,0.01,24740.823295261547,2484665.3771551726,2459924.553859911,20627.37890625,1277257.625
4,7,20,1,0.001,24740.823289954144,-48973.8046875,-73714.62797745415,20627.37890625,18463.08984375
4,7,20,2,0.01,25295.166137695312,70027.68341064453,44732.51727294922,20834.291015625,26229.572265625
4,7,20,2,0.001,25295.166168811276,25743.026982770647,447.8608139593707,20834.291015625,20743.1484375
4,7,20,3,0.01,23091.504756303268,-26058.19140625,-49149.69616255327,19939.82421875,-52714.72265625
4,7,20,3,0.001,23091.504740767046,43804.27677699498,20712.772036227932,19939.82421875,19095.08203125
4,7,20,4,0.01,28375.428304571855,23357.77734375,-5017.650960821855,28730.3046875,-223224.890625
4,7,20,4,0.001,28375.42830671344,84361.49961583754,55986.071309124105,28730.3046875,67873.671875
4,7,40,0,0.01,19920.900992257255,-56732.1328125,-76653.03380475726,18910.130859375,196928.109375
4,7,40,0,0.001,19920.9010040906,58113.245697021484,38192.344692930885,18910.1328125,31172.44921875
4,7,40,1,0.01,20157.309526367186,407442.0868716033,387284.7773452361,24134.373046875,190731.9375
4,7,40,1,0.001,20157.309506835936,38739.53882324219,18582.229316406254,24134.373046875,28399.3203125
4,7,40,2,0.01,23111.07015878183,-1356474.53125,-1379585.6014087817,24425.15234375,-496697.0625
4,7,40,2,0.001,23111.07015878183,9470.51171875,-13640.55844003183,24425.15234375,41777.265625
4,7,40,3,0.01,24452.895913907796,795921.8958333334,771468.9999194256,23734.46875,-522461.6875
4,7,40,3,0.001,24452.895958626625,147845.42613636365,123392.53017773702,23734.46875,34998.953125
4,7,40,4,0.01,27325.373032887775,1083728.041015625,1056402.6679827373,24236.5,500225.84375
4,7,40,4,0.001,27325.37303860982,239113.69311079546,211788.32007218563,24236.5,136855.6875
4,14,20,0,0.01,52452.62022908529,-109389.71484375,-161842.3350728353,43571.5546875,-91453.375
4,14,20,0,0.001,52452.62022908529,-95860.6796875,-148313.2999165853,43571.5546875,43968.55078125
4,14,20,1,0.01,46574.41833166174,-76448.255859375,-123022.67419103674,40469.0390625,-228419.484375
4,14,20,1,0.001,46574.41833166174,50893.57444986979,4319.156118208048,40469.0390625,65235.83203125
4,14,20,2,0.01,53264.541677621695,208904.85389927455,155640.31222165286,44747.5,218302.671875
4,14,20,2,0.001,53264.54177152194,54151.421837439906,886.8800659179688,44747.5,50666.64453125
4,14,20,3,0.01,36914.474300130205,193311.72630673362,156397.2520066034,36499.58984375,175586.328125
4,14,20,3,0.001,36914.47419433594,56623.26548686781,19708.791292531867,36499.58984375,50918.0
4,14,20,4,0.01,38651.152688731316,-68574.7734375,-107225.92612623132,34220.05078125,75378.21875
4,14,20,4,0.001,38651.1526701554,118457.56693025914,79806.41426010375,34220.05078125,44543.5546875
4,14,40,0,0.01,40869.023089909955,141238.02780046134,100369.00471055138,48396.07421875,171858.96875
4,14,40,0,0.001,40869.02308577198,6421.372375488281,-34447.6507102837,48396.07421875,75630.2421875
4,14,40,1,0.01,42055.963895670575,979849.3016863567,937793.337790686,44426.703125,368161.625
4,14,40,1,0.001,42055.963911946616,261808.23828125,219752.27436930337,44426.703125,87346.2890625
4,14,40,2,0.01,46923.75175440589,-549944.4166666666,-596868.1684210725,46036.14453125,-1942385.75
4,14,40,2,0.001,46923.751744943074,220456.40625,173532.6545050569,46036.14453125,262267.75
4,14,40,3,0.01,40422.67107833059,-81077.734375,-121500.40545333059,48118.71875,255944.0
4,14,40,3,0.001,40422.671142578125,-61277.2119140625,-101699.88305664062,48118.71875,53767.3515625
4,14,40,4,0.01,32683.251015625,-350592.7916666667,-383276.0426822917,34005.05078125,-1970857.25
4,14,40,4,0.001,32683.251015625,238263.18549408784,205579.93447846285,34005.05078125,83574.421875
4,20,20,0,0.01,59241.783932949635,155124.77608050723,95882.9921475576,50385.0859375,92782.328125
4,20,20,0,0.001,59241.7839563248,130227.81521023525,70986.03125391045,50385.0859375,76978.1484375
4,20,20,1,0.01,73402.350170379,-21003.8125,-94406.162670379,62267.6171875,-1088689.0
4,20,20,1,0.001,73402.35021193484,238722.53220655097,165320.1819946161,62267.6171875,186488.921875
4,20,20,2,0.01,57514.313319279594,920825.7064732143,863311.3931539347,65071.51953125,453963.21875
4,20,20,2,0.001,57514.31331693209,592879.1259765625,535364.8126596304,65071.51953125,243399.9375
4,20,20,3,0.01,88866.01586914062,2670798.671401515,2581932.6555323745,62297.234375,2295966.0
4,20,20,3,0.001,88866.01584201389,667870.7008928572,579004.6850508433,62297.234375,170624.984375
4,20,20,4,0.01,74405.92231952019,5206922.57898763,5132516.65666811,66288.390625,5476963.5
4,20,20,4,0.001,74405.92235176518,176773.94063313803,102368.01828137285,66288.390625,150612.5
4,20,40,0,0.01,47566.233508540136,4023378.144396552,3975811.9108880116,58546.25390625,1780081.75
4,20,40,0,0.001,47566.23336253447,477356.8387522978,429790.6053897633,58546.25390625,168509.75
4,20,40,1,0.01,33100.93884845113,910064.7965959822,876963.857747531,42223.01171875,322804.15625
4,20,40,1,0.001,33100.93878599655,619144.2444490131,586043.3056630166,42223.01171875,151103.53125
4,20,40,2,0.01,44659.40194402957,359963.733984375,315304.33204034547,55684.8671875,247670.765625
4,20,40,2,0.001,44659.40192009421,286222.8974609375,241563.4955408433,55684.8671875,-76309.6953125
4,20,40,3,0.01,97890.5615234375,-28662.58203125,-126553.1435546875,63731.24609375,107986.21875
4,20,40,3,0.001,97890.5615234375,106052.95205078126,8162.390527343756,63731.24609375,63219.1875
4,20,40,4,0.01,44970.90831756592,203850.72609641336,158879.81777884744,52952.4765625,172418.078125
4,20,40,4,0.001,44970.908515930176,63879.00677767667,18908.09826174649,52952.4765625,69374.953125
5,1,20,0,0.01,11455.035400390625,44206.26409090482,32751.228690514195,12275.9169921875,31491.150390625
5,1,20,0,0.001,11455.035205078126,18351.304511491642,6896.2693064135165,12275.9169921875,10314.5185546875
5,1,20,1,0.01,13543.768880208334,42816.60157606337,29272.83269585503,12810.767578125,27212.251953125
5,1,20,1,0.001,13543.768880208334,25988.19140625,12444.422526041666,12810.767578125,13425.4365234375
5,1,20,2,0.01,17373.008347455194,71666.130859375,54293.122511919806,12766.2373046875,31838.759765625
5,1,20,2,0.001,17373.008347455194,38899.309268727025,21526.30092127183,12766.2373046875,17644.7265625
5,1,20,3,0.01,16502.555429559005,-17813.28076171875,-34315.836191277755,12857.26953125,-38149.9609375
5,1,20,3,0.001,16502.555408999793,25185.087491861977,8682.532082862184,12857.26953125,15475.7607421875
5,1,20,4,0.01,16995.802748325892,35191.15346392463,18195.35071559874,12538.404296875,21821.982421875
5,1,20,4,0.001,16995.80274483817,19311.093195134945,2315.290450296776,12538.400390625,13621.259765625
5,1,40,0,0.01,18154.739299905712,-73169.619140625,-91324.35844053072,13400.0634765625,91147.765625
5,1,40,0,0.001,18154.73929148707,25746.588315217392,7591.849023730323,13400.0634765625,14225.4169921875
5,1,40,1,0.01,14087.074327741351,270225.2090892792,256138.13476153783,12810.8701171875,255907.90625
5,1,40,1,0.001,14087.07419041225,27691.966186523438,13604.891996111188,12810.869140625,14256.671875
5,1,40,2,0.01,15907.981075402462,-68392.5693359375,-84300.55041133997,12864.748046875,-74405.0546875
5,1,40,2,0.001,15907.98106060606,25179.66382578257,9271.682765176509,12864.748046875,15766.9267578125
5,1,40,3,0.01,17431.481818704044,-47724.2939453125,-65155.775764016544,13400.328125,-64779.05859375
5,1,40,3,0.001,17431.48181631051,23788.663684933683,6357.1818686231745,13400.328125,14554.0361328125
5,1,40,4,0.01,13681.28440067686,29190.08368326823,15508.79928259137,13042.8623046875,50937.86328125
5,1,40,4,0.001,13681.284417514144,27644.204488820043,13962.9200713059,13042.8623046875,21226.662109375
5,7,20,0,0.01,52743.88575503701,366158.81005859375,313414.92430355673,40904.0078125,161870.625
5,7,20,0,0.001,52743.88576146176,144646.94862365723,91903.06286219547,40904.0078125,83728.890625
5,7,20,1,0.01,50919.63057454427,709877.2771267361,658957.6465521918,47105.94140625,331558.28125
5,7,20,1,0.001,50919.630639648436,207269.878075133,156350.24743548455,47105.9453125,107835.7578125
5,7,20,2,0.01,59525.55717654344,-1419995.5989583333,-1479521.1561348767,50893.66796875,-1883165.125
5,7,20,2,0.001,59525.55717654344,131467.62541316106,71942.06823661762,50893.66796875,105665.5390625
5,7,20,3,0.01,50082.06557259909,14430402.480334051,14380320.414761452,40371.0546875,11310364.0
5,7,20,3,0.001,50082.06557259909,69872.23780335771,19790.172230758624,40371.0546875,52319.18359375
5,7,20,4,0.01,52539.991775512695,-225177.337890625,-277717.3296661377,44171.54296875,198269.9375
5,7,20,4,0.001,52539.99178059896,261753.89299242425,209213.9012118253,44171.54296875,112061.046875
5,7,40,0,0.01,43771.81715820313,194560.7578125,150788.94065429686,44529.10546875,352641.75
5,7,40,0,0.001,43771.817314453125,264171.3948625837,220399.5775481306,44529.10546875,-240168.328125
5,7,40,1,0.01,54566.02582465278,70240.15625,15674.130425347219,43680.2578125,-423387.6875
5,7,40,1,0.001,54566.02582465278,134234.31485648776,79668.28903183498,43680.2578125,87067.9375
5,7,40,2,0.01,48856.79785382306,1394078.985625,1345222.187771177,42290.81640625,1453111.125
5,7,40,2,0.001,48856.79783686885,110692.54680266204,61835.74896579319,42290.81640625,123393.296875
5,7,40,3,0.01,46261.42117130055,1186845.2553998162,1140583.8342285156,50389.69140625,530134.8125
5,7,40,3,0.001,46261.42123592601,613090.9505709135,566829.5293349875,50389.69140625,462088.96875
5,7,40,4,0.01,43670.370598493304,2244393.8055555555,2200723.4349570624,35489.1484375,1344200.75
5,7,40,4,0.001,43670.37050083705,105916.85955528847,62246.48905445141,35489.1484375,137119.625
5,14,20,0,0.01,108720.29262181332,2333834.8804563493,2225114.587834536,87017.4375,1035688.5625
5,14,20,0,0.001,108720.29262181332,392489.52218191966,283769.22956010635,87017.4375,189203.546875
5,14,20,1,0.01,101007.39524289395,664594.7664208985,563587.3711780045,84278.0859375,262517.21875
5,14,20,1,0.001,101007.39524289395,258883.04765625,157875.65241335606,84278.0859375,207069.0
5,14,20,2,0.01,101415.78608278368,132108.07305438703,30692.286971603346,89773.3359375,94629.890625
5,14,20,2,0.001,101415.78611480213,-26139.504557291668,-127555.2906720938,89773.3359375,134063.390625
5,14,20,3,0.01,91460.74683172052,-73366.0546875,-164826.80151922052,77822.6953125,286436.3125
5,14,20,3,0.001,91460.74673184482,262622.4700265067,171161.72329466188,77822.6953125,199545.75
5,14,20,4,0.01,81753.18892996652,-209800.9296875,-291554.11861746653,69693.796875,-2844650.5
5,14,20,4,0.001,81753.18928870377,424056.26280381944,342303.07351511566,69693.796875,265607.1875
5,14,40,0,0.01,49009.28731282552,-742368.0,-791377.2873128256,59971.21484375,-1851311.0
5,14,40,0,0.001,49009.28731621636,448093.765625,399084.4783087836,59971.21484375,365589.3125
5,14,40,1,0.01,56284.64524414062,1465806.875,1409522.2297558594,66850.8515625,491731.5625
5,14,40,1,0.001,56284.64493164062,735423.4682692308,679138.8233375902,66850.8515625,309545.59375
5,14,40,2,0.01,71061.05808940687,537817.247057463,466756.1889680562,75913.8828125,294676.8125
5,14,40,2,0.001,71061.05807655735,77835.046875,6773.988798442646,75913.8828125,86236.5625
5,14,40,3,0.01,57735.337365044485,-618776.5,-676511.8373650445,64884.4921875,-762184.4375
5,14,40,3,0.001,57735.337365044485,78872.98046875,21137.643103705515,64884.4921875,132686.703125
5,14,40,4,0.01,49211.06817924685,-2141031.1875,-2190242.255679247,58601.99609375,-2000401.75
5,14,40,4,0.001,49211.068197110806,205402.7039080364,156191.6357109256,58601.99609375,154285.578125
5,20,20,0,0.01,117325.1996459961,-55256902.5,-55374227.699645996,110458.34375,-47579868.0
5,20,20,0,0.001,117325.19960530598,-534509.53125,-651834.730855306,110458.34375,550649.8125
5,20,20,1,0.01,132252.398052509,-3947967.109375,-4080219.507427509,108276.703125,-3038389.5
5,20,20,1,0.001,132252.398043119,6870.26171875,-125382.136324369,108276.703125,402068.78125
5,20,20,2,0.01,91462.17232622419,3188823.837962963,3097361.6656367388,94144.328125,767171.375
5,20,20,2,0.001,91462.1723349435,566710.3629001525,475248.19056520896,94144.328125,406433.3125
5,20,20,3,0.01,90389.8543951852,453012.1962585449,362622.34186335973,93611.671875,504017.0
5,20,20,3,0.001,90389.85440172467,525083.693250868,434693.83884914336,93611.671875,367220.15625
5,20,20,4,0.01,105983.4197932652,1796500.994357639,1690517.5745643738,91725.234375,656288.6875
5,20,20,4,0.001,105983.41982378278,702710.4453922193,596727.0255684366,91725.234375,373011.46875
5,20,40,0,0.01,91275.16801757812,249746.83342337102,158471.66540579288,111949.3203125,310708.3125
5,20,40,0,0.001,91275.16801757812,134543.71875,43268.55073242188,111949.3203125,154781.96875
5,20,40,1,0.01,88343.77334594727,-7797597.166666667,-7885940.940012614,102961.3515625,-4902884.5
5,20,40,1,0.001,88343.77336120605,1526530.0419921875,1438186.2686309814,102961.3515625,1108989.875
5,20,40,2,0.01,85581.43479900119,-4755316.0,-4840897.434799002,103463.46875,-1547871.375
5,20,40,2,0.001,85581.43450232397,913734.5,828153.065497676,103463.46875,1092358.75
5,20,40,3,0.01,98755.28303825081,-3146791.6666666665,-3245546.949704917,115518.5546875,-1093396.75
5,20,40,3,0.001,98755.28303825081,2302434.279464286,2203678.996426035,115518.5546875,477941.75
5,20,40,4,0.01,119370.4761597723,1275910.811748798,1156540.3355890256,117955.8046875,669929.5
5,20,40,4,0.001,119370.47617229233,645841.4140625,526470.9378902076,117955.8046875,228947.078125
